application_id,job_id,user_id,role,college_id,applied_at
1,48,543,student,101,2025-12-18 16:58:49.654704
2,167,882,student,102,2025-11-28 16:58:49.654704
3,65,181,student,104,2025-12-19 16:58:49.655710
4,64,628,student,104,2025-10-31 16:58:49.655710
5,199,151,student,101,2025-11-17 16:58:49.655710
6,116,813,student,103,2025-11-29 16:58:49.655710
7,163,615,student,102,2026-01-09 16:58:49.655710
8,89,124,student,102,2025-11-03 16:58:49.655710
9,192,744,student,102,2026-01-06 16:58:49.655710
10,78,145,student,101,2026-01-15 16:58:49.655710
11,3,567,student,102,2025-12-04 16:58:49.655710
12,131,920,student,104,2025-12-29 16:58:49.655710
13,177,815,student,103,2025-12-15 16:58:49.655710
14,102,877,student,102,2025-12-27 16:58:49.655710
15,141,222,student,103,2025-11-07 16:58:49.655710
16,18,759,student,101,2025-11-26 16:58:49.655710
17,96,522,student,104,2025-12-27 16:58:49.655710
18,18,94,student,102,2025-11-18 16:58:49.655710
19,82,228,student,104,2025-11-25 16:58:49.655710
20,159,587,student,101,2026-01-14 16:58:49.655710
21,143,776,student,101,2025-12-07 16:58:49.655710
22,75,889,student,103,2025-12-29 16:58:49.655710
23,72,320,student,102,2025-12-20 16:58:49.655710
24,76,490,student,102,2025-12-24 16:58:49.655710
25,70,197,student,102,2025-11-25 16:58:49.655710
26,48,976,student,104,2025-11-28 16:58:49.655710
27,149,898,student,101,2026-01-12 16:58:49.655710
28,127,551,student,103,2025-12-16 16:58:49.655710
29,14,952,student,104,2025-12-21 16:58:49.655710
30,87,749,student,102,2026-01-14 16:58:49.655710
31,195,153,student,101,2025-11-11 16:58:49.655710
32,6,800,student,101,2025-11-16 16:58:49.655710
33,155,272,student,101,2026-01-14 16:58:49.655710
34,133,204,student,102,2025-11-05 16:58:49.655710
35,51,671,student,102,2025-11-13 16:58:49.655710
36,118,626,student,101,2026-01-12 16:58:49.655710
37,41,461,student,101,2025-11-15 16:58:49.655710
38,191,884,student,102,2026-01-04 16:58:49.655710
39,53,812,student,104,2025-11-30 16:58:49.655710
40,138,698,student,102,2026-01-15 16:58:49.655710
41,45,957,student,102,2025-12-31 16:58:49.655710
42,117,690,student,102,2025-12-28 16:58:49.655710
43,121,497,student,101,2025-12-09 16:58:49.655710
44,77,218,student,101,2026-01-11 16:58:49.655710
45,69,89,student,103,2025-11-02 16:58:49.655710
46,109,705,student,104,2025-11-22 16:58:49.655710
47,143,331,student,104,2025-12-11 16:58:49.655710
48,35,27,student,104,2026-01-05 16:58:49.655710
49,27,24,student,103,2026-01-21 16:58:49.655710
50,5,518,student,104,2025-11-04 16:58:49.655710
51,42,555,student,104,2026-01-02 16:58:49.655710
52,124,715,student,104,2025-11-16 16:58:49.655710
53,65,819,student,103,2026-01-04 16:58:49.655710
54,81,28,student,101,2026-01-05 16:58:49.655710
55,118,867,student,104,2026-01-24 16:58:49.655710
56,126,402,student,101,2026-01-28 16:58:49.655710
57,122,530,student,104,2026-01-21 16:58:49.655710
58,39,233,student,102,2025-12-21 16:58:49.655710
59,64,413,student,104,2025-12-25 16:58:49.655710
60,3,429,student,102,2025-12-05 16:58:49.655710
61,186,824,student,104,2026-01-25 16:58:49.655710
62,8,864,student,104,2025-12-07 16:58:49.655710
63,15,119,student,103,2025-12-20 16:58:49.655710
64,6,719,student,103,2025-12-20 16:58:49.655710
65,4,314,student,101,2025-12-21 16:58:49.655710
66,173,728,student,101,2025-11-02 16:58:49.655710
67,106,466,student,104,2025-11-24 16:58:49.655710
68,195,404,student,103,2025-11-12 16:58:49.655710
69,147,277,student,104,2026-01-11 16:58:49.655710
70,39,761,student,103,2025-11-14 16:58:49.655710
71,93,493,student,104,2026-01-09 16:58:49.655710
72,63,282,student,101,2025-12-16 16:58:49.655710
73,81,65,student,104,2026-01-01 16:58:49.655710
74,39,861,student,101,2026-01-08 16:58:49.655710
75,127,726,student,103,2025-11-04 16:58:49.655710
76,151,543,student,103,2026-01-27 16:58:49.655710
77,70,460,student,101,2026-01-02 16:58:49.655710
78,92,441,student,101,2025-12-13 16:58:49.655710
79,52,917,student,102,2026-01-10 16:58:49.655710
80,173,364,student,101,2026-01-16 16:58:49.655710
81,168,550,student,104,2025-11-09 16:58:49.655710
82,175,601,student,102,2025-12-13 16:58:49.655710
83,113,54,student,103,2025-11-28 16:58:49.655710
84,181,751,student,104,2025-11-17 16:58:49.655710
85,162,985,student,101,2026-01-09 16:58:49.655710
86,45,697,student,101,2025-12-08 16:58:49.655710
87,6,445,student,103,2026-01-14 16:58:49.655710
88,42,187,student,101,2026-01-12 16:58:49.655710
89,19,360,student,104,2026-01-06 16:58:49.655710
90,130,241,student,103,2025-12-21 16:58:49.655710
91,108,293,student,102,2025-11-09 16:58:49.655710
92,83,849,student,104,2025-12-04 16:58:49.655710
93,47,461,student,103,2026-01-05 16:58:49.655710
94,50,266,student,103,2025-12-16 16:58:49.655710
95,177,807,student,103,2025-11-14 16:58:49.655710
96,28,979,student,101,2026-01-17 16:58:49.655710
97,195,533,student,103,2025-12-23 16:58:49.655710
98,75,917,student,103,2025-11-22 16:58:49.655710
99,37,365,student,102,2025-12-09 16:58:49.655710
100,51,689,student,103,2026-01-28 16:58:49.655710
101,195,790,student,104,2025-12-02 16:58:49.655710
102,142,366,student,103,2025-11-09 16:58:49.655710
103,79,858,student,102,2025-11-11 16:58:49.655710
104,184,215,student,103,2025-12-26 16:58:49.655710
105,176,60,student,104,2025-11-06 16:58:49.655710
106,78,806,student,101,2025-11-18 16:58:49.655710
107,7,618,student,104,2025-12-18 16:58:49.655710
108,189,251,student,101,2025-12-02 16:58:49.655710
109,166,892,student,104,2025-12-23 16:58:49.655710
110,64,29,student,102,2025-11-22 16:58:49.655710
111,24,444,student,104,2025-12-22 16:58:49.655710
112,163,585,student,104,2025-11-19 16:58:49.655710
113,41,980,student,103,2026-01-05 16:58:49.655710
114,129,108,student,101,2025-11-14 16:58:49.655710
115,107,39,student,101,2026-01-13 16:58:49.655710
116,156,568,student,101,2026-01-21 16:58:49.655710
117,177,49,student,101,2025-12-06 16:58:49.655710
118,27,416,student,102,2025-12-28 16:58:49.655710
119,108,164,student,103,2025-12-07 16:58:49.655710
120,138,421,student,104,2026-01-11 16:58:49.655710
121,33,725,student,101,2026-01-19 16:58:49.655710
122,138,510,student,103,2025-12-02 16:58:49.655710
123,166,906,student,104,2025-11-15 16:58:49.655710
124,41,590,student,101,2025-11-06 16:58:49.655710
125,34,805,student,101,2026-01-25 16:58:49.655710
126,126,482,student,102,2026-01-08 16:58:49.655710
127,48,532,student,103,2026-01-14 16:58:49.655710
128,38,497,student,102,2025-11-15 16:58:49.655710
129,1,979,student,103,2025-12-29 16:58:49.655710
130,114,495,student,102,2025-12-06 16:58:49.655710
131,52,628,student,104,2025-11-10 16:58:49.655710
132,188,194,student,102,2025-11-14 16:58:49.655710
133,119,928,student,104,2025-11-15 16:58:49.655710
134,66,464,student,103,2026-01-14 16:58:49.655710
135,70,431,student,101,2025-11-17 16:58:49.655710
136,150,672,student,102,2026-01-25 16:58:49.655710
137,153,118,student,103,2025-12-04 16:58:49.655710
138,108,480,student,103,2025-12-07 16:58:49.655710
139,98,107,student,102,2025-11-23 16:58:49.655710
140,70,984,student,101,2025-11-26 16:58:49.655710
141,6,328,student,103,2025-11-01 16:58:49.655710
142,157,598,student,103,2025-12-13 16:58:49.655710
143,72,335,student,103,2025-11-12 16:58:49.655710
144,94,986,student,102,2025-10-31 16:58:49.655710
145,186,226,student,102,2026-01-11 16:58:49.655710
146,63,167,student,103,2025-11-21 16:58:49.655710
147,157,912,student,103,2025-11-28 16:58:49.655710
148,56,668,student,102,2025-11-16 16:58:49.655710
149,188,718,student,103,2025-12-09 16:58:49.655710
150,144,731,student,102,2025-12-13 16:58:49.655710
151,160,713,student,104,2025-12-01 16:58:49.655710
152,149,85,student,103,2025-12-06 16:58:49.655710
153,141,841,student,104,2026-01-24 16:58:49.655710
154,141,944,student,102,2025-11-30 16:58:49.655710
155,46,298,student,104,2025-11-14 16:58:49.655710
156,134,809,student,103,2025-10-30 16:58:49.655710
157,21,711,student,103,2025-12-11 16:58:49.655710
158,64,69,student,102,2025-12-29 16:58:49.655710
159,16,263,student,103,2025-12-13 16:58:49.655710
160,146,647,student,103,2025-11-02 16:58:49.655710
161,48,266,student,101,2025-11-14 16:58:49.655710
162,9,634,student,101,2025-11-28 16:58:49.655710
163,177,526,student,102,2025-12-03 16:58:49.655710
164,179,758,student,104,2026-01-23 16:58:49.655710
165,43,61,student,103,2025-11-27 16:58:49.655710
166,60,831,student,101,2025-11-01 16:58:49.655710
167,97,232,student,103,2026-01-06 16:58:49.655710
168,96,353,student,101,2025-12-01 16:58:49.655710
169,159,157,student,101,2025-11-15 16:58:49.655710
170,144,581,student,103,2026-01-12 16:58:49.655710
171,180,915,student,104,2026-01-27 16:58:49.655710
172,108,687,student,102,2025-11-14 16:58:49.655710
173,129,539,student,103,2026-01-06 16:58:49.655710
174,167,844,student,103,2026-01-08 16:58:49.655710
175,103,36,student,101,2026-01-12 16:58:49.655710
176,92,386,student,104,2025-11-02 16:58:49.655710
177,22,67,student,102,2026-01-15 16:58:49.655710
178,12,673,student,104,2026-01-09 16:58:49.655710
179,83,694,student,101,2025-11-08 16:58:49.655710
180,146,905,student,103,2025-12-20 16:58:49.655710
181,142,126,student,104,2026-01-02 16:58:49.655710
182,7,64,student,103,2025-12-19 16:58:49.655710
183,60,977,student,101,2025-11-23 16:58:49.655710
184,134,825,student,104,2026-01-21 16:58:49.655710
185,69,180,student,104,2025-12-18 16:58:49.655710
186,14,450,student,101,2025-12-31 16:58:49.655710
187,83,780,student,102,2025-12-08 16:58:49.655710
188,193,52,student,102,2025-11-09 16:58:49.655710
189,169,845,student,102,2026-01-05 16:58:49.655710
190,137,907,student,102,2025-12-09 16:58:49.655710
191,30,89,student,102,2025-12-31 16:58:49.655710
192,170,474,student,104,2026-01-04 16:58:49.655710
193,196,33,student,101,2025-11-23 16:58:49.655710
194,22,480,student,103,2025-11-01 16:58:49.655710
195,95,730,student,104,2025-11-01 16:58:49.655710
196,28,962,student,104,2025-12-25 16:58:49.655710
197,66,801,student,104,2025-12-29 16:58:49.655710
198,13,642,student,104,2025-10-31 16:58:49.655710
199,104,844,student,101,2026-01-27 16:58:49.655710
200,68,802,student,102,2026-01-25 16:58:49.655710
201,27,83,student,103,2026-01-01 16:58:49.655710
202,136,56,student,104,2025-11-05 16:58:49.655710
203,149,63,student,103,2025-12-13 16:58:49.655710
204,190,560,student,104,2026-01-12 16:58:49.655710
205,85,484,student,102,2025-12-04 16:58:49.655710
206,78,324,student,103,2026-01-15 16:58:49.655710
207,191,479,student,104,2025-11-26 16:58:49.655710
208,70,299,student,102,2025-11-02 16:58:49.655710
209,24,709,student,102,2025-11-26 16:58:49.655710
210,164,54,student,104,2025-12-17 16:58:49.655710
211,28,729,student,104,2025-11-03 16:58:49.655710
212,50,548,student,103,2026-01-09 16:58:49.655710
213,197,432,student,104,2025-11-07 16:58:49.655710
214,155,703,student,102,2025-12-24 16:58:49.655710
215,171,695,student,101,2025-11-20 16:58:49.655710
216,187,200,student,103,2025-11-22 16:58:49.655710
217,48,862,student,102,2025-12-30 16:58:49.655710
218,33,45,student,104,2026-01-19 16:58:49.655710
219,183,27,student,101,2026-01-02 16:58:49.655710
220,106,234,student,101,2026-01-05 16:58:49.655710
221,26,781,student,102,2025-12-30 16:58:49.655710
222,151,270,student,101,2026-01-08 16:58:49.655710
223,50,402,student,102,2026-01-07 16:58:49.655710
224,139,304,student,103,2026-01-05 16:58:49.655710
225,199,109,student,104,2026-01-13 16:58:49.655710
226,186,2,student,101,2025-11-23 16:58:49.655710
227,192,725,student,103,2025-11-18 16:58:49.655710
228,112,446,student,101,2026-01-03 16:58:49.655710
229,8,914,student,103,2025-12-06 16:58:49.655710
230,72,252,student,104,2025-10-30 16:58:49.655710
231,182,742,student,102,2025-12-23 16:58:49.655710
232,15,40,student,102,2025-11-24 16:58:49.655710
233,93,466,student,101,2025-11-30 16:58:49.655710
234,25,772,student,104,2025-11-23 16:58:49.655710
235,130,692,student,102,2025-11-03 16:58:49.655710
236,93,354,student,104,2025-12-09 16:58:49.655710
237,120,73,student,101,2025-12-30 16:58:49.655710
238,50,875,student,104,2026-01-19 16:58:49.655710
239,40,999,student,104,2026-01-20 16:58:49.655710
240,149,742,student,103,2026-01-05 16:58:49.655710
241,70,537,student,102,2025-12-24 16:58:49.655710
242,184,777,student,104,2025-11-09 16:58:49.655710
243,1,351,student,102,2025-11-14 16:58:49.655710
244,73,384,student,101,2025-11-14 16:58:49.655710
245,130,961,student,102,2025-12-24 16:58:49.655710
246,129,405,student,103,2025-12-15 16:58:49.655710
247,141,300,student,104,2025-11-15 16:58:49.655710
248,43,635,student,104,2025-12-28 16:58:49.655710
249,49,727,student,101,2025-11-10 16:58:49.655710
250,101,319,student,101,2025-12-08 16:58:49.655710
251,151,343,student,102,2025-12-11 16:58:49.655710
252,93,611,student,102,2025-12-02 16:58:49.655710
253,168,104,student,104,2026-01-24 16:58:49.655710
254,53,803,student,101,2025-12-22 16:58:49.655710
255,134,682,student,102,2025-11-25 16:58:49.655710
256,124,532,student,102,2025-12-15 16:58:49.655710
257,160,204,student,104,2025-10-31 16:58:49.655710
258,185,157,student,101,2025-11-05 16:58:49.655710
259,27,552,student,101,2025-11-14 16:58:49.655710
260,150,433,student,101,2025-11-30 16:58:49.655710
261,105,743,student,102,2025-11-09 16:58:49.655710
262,138,534,student,101,2026-01-17 16:58:49.655710
263,125,1,student,101,2026-01-05 16:58:49.655710
264,138,737,student,103,2025-12-27 16:58:49.655710
265,197,784,student,103,2025-12-18 16:58:49.655710
266,155,705,student,104,2026-01-26 16:58:49.655710
267,183,315,student,104,2025-12-30 16:58:49.655710
268,200,900,student,101,2026-01-19 16:58:49.655710
269,150,508,student,101,2025-11-04 16:58:49.655710
270,19,25,student,102,2025-12-29 16:58:49.655710
271,88,832,student,101,2026-01-28 16:58:49.655710
272,22,921,student,102,2025-12-19 16:58:49.655710
273,57,40,student,104,2026-01-14 16:58:49.655710
274,67,11,student,104,2025-11-25 16:58:49.655710
275,98,245,student,103,2025-11-07 16:58:49.655710
276,118,876,student,102,2025-12-28 16:58:49.655710
277,116,939,student,104,2025-11-07 16:58:49.655710
278,175,429,student,103,2025-11-02 16:58:49.655710
279,75,919,student,102,2025-12-27 16:58:49.655710
280,51,148,student,102,2025-11-29 16:58:49.655710
281,103,787,student,104,2025-12-02 16:58:49.655710
282,196,555,student,101,2026-01-07 16:58:49.655710
283,196,217,student,104,2025-12-31 16:58:49.655710
284,101,838,student,102,2025-12-26 16:58:49.655710
285,147,754,student,102,2026-01-07 16:58:49.655710
286,154,492,student,103,2026-01-05 16:58:49.655710
287,106,682,student,101,2026-01-12 16:58:49.655710
288,184,613,student,101,2025-11-02 16:58:49.655710
289,116,75,student,102,2026-01-15 16:58:49.655710
290,110,16,student,101,2026-01-04 16:58:49.655710
291,59,686,student,102,2025-10-31 16:58:49.655710
292,72,229,student,102,2025-12-07 16:58:49.655710
293,190,765,student,101,2026-01-13 16:58:49.655710
294,19,571,student,103,2025-11-14 16:58:49.655710
295,124,791,student,103,2025-10-31 16:58:49.655710
296,169,650,student,103,2025-11-02 16:58:49.655710
297,165,483,student,102,2025-12-08 16:58:49.655710
298,62,751,student,104,2025-12-26 16:58:49.655710
299,45,991,student,102,2025-11-26 16:58:49.655710
300,128,208,student,103,2025-11-24 16:58:49.655710
301,169,640,student,104,2025-11-13 16:58:49.655710
302,191,483,student,101,2025-11-12 16:58:49.655710
303,55,30,student,104,2025-11-22 16:58:49.655710
304,26,14,student,103,2025-12-21 16:58:49.655710
305,172,768,student,102,2025-12-01 16:58:49.655710
306,54,523,student,102,2025-11-19 16:58:49.655710
307,161,558,student,101,2025-12-05 16:58:49.655710
308,189,709,student,104,2025-11-09 16:58:49.655710
309,195,217,student,103,2026-01-02 16:58:49.655710
310,7,92,student,101,2026-01-20 16:58:49.655710
311,117,652,student,102,2026-01-13 16:58:49.655710
312,16,986,student,103,2025-12-11 16:58:49.655710
313,54,256,student,102,2025-12-31 16:58:49.655710
314,67,884,student,104,2025-12-27 16:58:49.655710
315,143,973,student,102,2025-11-23 16:58:49.655710
316,25,980,student,103,2026-01-14 16:58:49.655710
317,164,50,student,101,2025-11-29 16:58:49.655710
318,143,62,student,104,2025-12-09 16:58:49.655710
319,13,407,student,101,2025-11-26 16:58:49.655710
320,57,559,student,103,2026-01-15 16:58:49.655710
321,11,721,student,104,2025-11-15 16:58:49.655710
322,148,70,student,103,2026-01-06 16:58:49.655710
323,53,439,student,104,2025-11-09 16:58:49.655710
324,115,693,student,101,2026-01-03 16:58:49.655710
325,171,964,student,102,2026-01-19 16:58:49.655710
326,83,580,student,104,2026-01-12 16:58:49.655710
327,54,98,student,101,2025-12-30 16:58:49.655710
328,51,960,student,103,2025-11-20 16:58:49.655710
329,112,291,student,104,2025-12-29 16:58:49.655710
330,19,688,student,103,2025-11-11 16:58:49.655710
331,65,677,student,102,2025-11-27 16:58:49.655710
332,23,346,student,102,2026-01-04 16:58:49.655710
333,73,486,student,104,2025-11-29 16:58:49.655710
334,19,79,student,103,2025-11-07 16:58:49.655710
335,34,40,student,101,2025-12-09 16:58:49.655710
336,117,620,student,101,2026-01-11 16:58:49.655710
337,55,53,student,104,2025-12-02 16:58:49.655710
338,170,633,student,104,2025-11-02 16:58:49.655710
339,89,812,student,102,2026-01-02 16:58:49.655710
340,130,592,student,103,2025-11-15 16:58:49.655710
341,101,291,student,101,2026-01-15 16:58:49.655710
342,182,117,student,101,2025-11-30 16:58:49.655710
343,65,962,student,104,2025-11-22 16:58:49.655710
344,96,829,student,102,2026-01-09 16:58:49.655710
345,67,408,student,101,2025-11-20 16:58:49.655710
346,57,362,student,103,2025-12-02 16:58:49.655710
347,124,85,student,102,2025-11-02 16:58:49.655710
348,146,566,student,101,2026-01-23 16:58:49.655710
349,45,460,student,101,2026-01-12 16:58:49.655710
350,192,598,student,104,2025-11-23 16:58:49.655710
351,192,286,student,103,2025-11-21 16:58:49.655710
352,176,180,student,104,2025-12-20 16:58:49.655710
353,29,827,student,103,2025-11-20 16:58:49.655710
354,16,590,student,103,2025-11-19 16:58:49.655710
355,113,391,student,102,2026-01-05 16:58:49.655710
356,121,48,student,103,2025-12-08 16:58:49.655710
357,192,435,student,104,2026-01-19 16:58:49.655710
358,96,881,student,104,2025-12-06 16:58:49.655710
359,121,142,student,101,2025-11-21 16:58:49.655710
360,163,424,student,101,2025-11-03 16:58:49.655710
361,73,333,student,103,2026-01-25 16:58:49.655710
362,125,443,student,102,2026-01-12 16:58:49.655710
363,25,603,student,103,2026-01-23 16:58:49.655710
364,99,723,student,102,2025-11-09 16:58:49.655710
365,172,756,student,104,2026-01-12 16:58:49.655710
366,145,796,student,101,2025-12-12 16:58:49.655710
367,132,644,student,104,2026-01-19 16:58:49.655710
368,69,671,student,104,2025-11-16 16:58:49.655710
369,146,790,student,101,2026-01-10 16:58:49.655710
370,81,901,student,103,2026-01-08 16:58:49.655710
371,52,498,student,103,2025-11-16 16:58:49.655710
372,121,526,student,102,2025-10-30 16:58:49.655710
373,195,984,student,104,2026-01-12 16:58:49.655710
374,185,282,student,103,2026-01-22 16:58:49.655710
375,122,781,student,102,2025-11-02 16:58:49.655710
376,180,533,student,103,2025-11-13 16:58:49.655710
377,110,94,student,101,2025-11-11 16:58:49.655710
378,21,398,student,102,2025-11-26 16:58:49.655710
379,130,503,student,101,2025-11-27 16:58:49.655710
380,136,76,student,102,2025-12-08 16:58:49.655710
381,97,342,student,101,2026-01-22 16:58:49.655710
382,127,832,student,104,2025-11-02 16:58:49.655710
383,9,58,student,101,2025-11-27 16:58:49.655710
384,184,611,student,103,2025-12-15 16:58:49.655710
385,86,13,student,104,2025-11-28 16:58:49.655710
386,140,321,student,104,2025-12-26 16:58:49.655710
387,41,74,student,102,2025-11-16 16:58:49.655710
388,51,186,student,101,2026-01-21 16:58:49.655710
389,143,856,student,102,2026-01-04 16:58:49.655710
390,192,980,student,104,2025-11-22 16:58:49.655710
391,123,104,student,101,2026-01-10 16:58:49.655710
392,49,54,student,104,2025-12-10 16:58:49.655710
393,12,929,student,101,2025-11-20 16:58:49.655710
394,44,456,student,102,2026-01-11 16:58:49.655710
395,170,964,student,104,2026-01-23 16:58:49.655710
396,168,273,student,101,2025-11-26 16:58:49.655710
397,10,301,student,102,2025-11-27 16:58:49.655710
398,11,215,student,103,2026-01-01 16:58:49.655710
399,144,957,student,104,2026-01-20 16:58:49.655710
400,167,232,student,104,2025-11-25 16:58:49.655710
401,144,464,student,101,2026-01-07 16:58:49.655710
402,7,525,student,104,2025-12-08 16:58:49.655710
403,108,789,student,103,2025-11-02 16:58:49.655710
404,46,151,student,104,2026-01-18 16:58:49.655710
405,50,541,student,104,2025-12-16 16:58:49.655710
406,67,782,student,104,2025-12-16 16:58:49.655710
407,110,370,student,103,2025-11-14 16:58:49.655710
408,42,711,student,102,2025-11-26 16:58:49.655710
409,91,666,student,101,2026-01-03 16:58:49.655710
410,133,304,student,101,2026-01-21 16:58:49.655710
411,32,344,student,103,2026-01-12 16:58:49.655710
412,19,560,student,101,2026-01-14 16:58:49.655710
413,173,819,student,101,2025-11-11 16:58:49.655710
414,78,321,student,101,2025-11-20 16:58:49.655710
415,6,312,student,102,2026-01-26 16:58:49.655710
416,128,770,student,104,2025-12-20 16:58:49.655710
417,40,680,student,104,2025-12-31 16:58:49.655710
418,43,303,student,102,2025-11-14 16:58:49.655710
419,18,840,student,102,2025-11-14 16:58:49.655710
420,11,570,student,103,2026-01-18 16:58:49.655710
421,10,943,student,102,2026-01-27 16:58:49.655710
422,72,388,student,102,2025-12-03 16:58:49.655710
423,80,330,student,103,2025-11-11 16:58:49.655710
424,144,568,student,101,2025-12-26 16:58:49.655710
425,157,137,student,103,2026-01-15 16:58:49.655710
426,90,11,student,103,2025-11-07 16:58:49.655710
427,54,495,student,103,2025-11-20 16:58:49.655710
428,169,577,student,103,2026-01-16 16:58:49.655710
429,119,779,student,103,2025-12-14 16:58:49.655710
430,44,371,student,101,2025-11-30 16:58:49.655710
431,182,262,student,101,2025-11-04 16:58:49.655710
432,59,400,student,102,2025-11-30 16:58:49.655710
433,106,650,student,104,2026-01-10 16:58:49.655710
434,153,491,student,101,2026-01-13 16:58:49.655710
435,99,686,student,104,2026-01-05 16:58:49.655710
436,86,663,student,103,2026-01-05 16:58:49.655710
437,60,261,student,104,2025-11-04 16:58:49.655710
438,84,165,student,102,2025-11-20 16:58:49.655710
439,97,16,student,103,2026-01-24 16:58:49.655710
440,69,492,student,103,2025-12-02 16:58:49.655710
441,55,88,student,104,2026-01-01 16:58:49.655710
442,115,901,student,104,2025-10-30 16:58:49.655710
443,113,156,student,101,2025-12-05 16:58:49.655710
444,39,758,student,104,2025-12-26 16:58:49.655710
445,193,305,student,103,2025-11-19 16:58:49.655710
446,46,654,student,104,2025-12-17 16:58:49.655710
447,101,455,student,103,2025-11-28 16:58:49.655710
448,22,758,student,103,2025-12-09 16:58:49.655710
449,167,653,student,101,2025-11-13 16:58:49.655710
450,59,275,student,103,2026-01-13 16:58:49.655710
451,183,855,student,102,2025-12-02 16:58:49.655710
452,25,458,student,103,2026-01-02 16:58:49.655710
453,71,654,student,101,2026-01-03 16:58:49.655710
454,85,228,student,103,2025-11-14 16:58:49.655710
455,138,948,student,103,2025-12-17 16:58:49.655710
456,74,951,student,101,2025-12-14 16:58:49.655710
457,72,872,student,102,2025-11-04 16:58:49.655710
458,137,885,student,104,2025-12-01 16:58:49.655710
459,30,664,student,102,2025-12-14 16:58:49.655710
460,95,302,student,101,2025-10-30 16:58:49.655710
461,200,607,student,104,2026-01-19 16:58:49.655710
462,163,728,student,101,2025-11-20 16:58:49.655710
463,89,480,student,101,2025-11-23 16:58:49.655710
464,64,284,student,101,2025-12-29 16:58:49.655710
465,77,523,student,101,2026-01-05 16:58:49.655710
466,159,516,student,103,2026-01-07 16:58:49.655710
467,183,282,student,103,2026-01-03 16:58:49.655710
468,152,875,student,104,2025-12-04 16:58:49.655710
469,180,927,student,102,2025-11-04 16:58:49.655710
470,181,83,student,104,2025-12-18 16:58:49.655710
471,96,354,student,103,2025-11-22 16:58:49.655710
472,145,897,student,101,2025-11-21 16:58:49.655710
473,85,680,student,104,2025-12-24 16:58:49.655710
474,56,602,student,104,2025-12-25 16:58:49.655710
475,73,448,student,101,2025-11-22 16:58:49.655710
476,26,838,student,104,2025-12-30 16:58:49.655710
477,188,238,student,102,2026-01-04 16:58:49.655710
478,97,459,student,102,2026-01-18 16:58:49.655710
479,76,389,student,102,2026-01-10 16:58:49.655710
480,109,259,student,101,2025-12-07 16:58:49.655710
481,182,291,student,104,2025-12-20 16:58:49.655710
482,41,385,student,101,2026-01-14 16:58:49.655710
483,186,737,student,104,2026-01-14 16:58:49.655710
484,151,268,student,102,2025-12-03 16:58:49.655710
485,47,537,student,103,2025-12-16 16:58:49.655710
486,72,409,student,102,2025-11-07 16:58:49.655710
487,159,868,student,102,2026-01-22 16:58:49.655710
488,111,320,student,104,2025-12-18 16:58:49.655710
489,174,436,student,101,2025-11-16 16:58:49.655710
490,192,349,student,104,2025-11-08 16:58:49.655710
491,139,849,student,103,2026-01-24 16:58:49.655710
492,87,775,student,103,2025-11-04 16:58:49.655710
493,69,302,student,103,2025-11-24 16:58:49.655710
494,79,252,student,102,2025-11-11 16:58:49.655710
495,154,607,student,101,2025-12-28 16:58:49.655710
496,41,346,student,101,2026-01-02 16:58:49.655710
497,186,584,student,101,2025-12-13 16:58:49.655710
498,196,715,student,103,2025-11-14 16:58:49.655710
499,191,467,student,102,2025-12-16 16:58:49.655710
500,153,936,student,103,2025-12-12 16:58:49.655710
501,187,963,student,101,2025-11-10 16:58:49.655710
502,195,175,student,102,2025-11-05 16:58:49.655710
503,178,719,student,103,2026-01-06 16:58:49.655710
504,2,784,student,104,2025-12-16 16:58:49.655710
505,79,603,student,103,2026-01-23 16:58:49.655710
506,146,160,student,103,2025-12-27 16:58:49.655710
507,101,511,student,104,2025-12-29 16:58:49.655710
508,64,844,student,102,2025-11-24 16:58:49.655710
509,65,69,student,104,2025-12-21 16:58:49.655710
510,13,854,student,103,2025-12-26 16:58:49.655710
511,28,400,student,104,2025-12-22 16:58:49.655710
512,153,322,student,102,2025-11-08 16:58:49.655710
513,118,319,student,102,2025-11-16 16:58:49.655710
514,143,112,student,101,2025-12-16 16:58:49.655710
515,18,306,student,102,2025-11-01 16:58:49.655710
516,100,775,student,104,2026-01-01 16:58:49.655710
517,181,732,student,103,2025-12-16 16:58:49.655710
518,154,277,student,104,2026-01-15 16:58:49.655710
519,121,517,student,101,2025-12-27 16:58:49.655710
520,188,643,student,103,2025-12-02 16:58:49.655710
521,36,402,student,101,2026-01-27 16:58:49.655710
522,141,375,student,102,2026-01-23 16:58:49.655710
523,176,890,student,103,2025-11-21 16:58:49.655710
524,77,761,student,103,2026-01-24 16:58:49.655710
525,187,225,student,101,2025-11-22 16:58:49.655710
526,49,708,student,103,2026-01-15 16:58:49.655710
527,103,75,student,103,2026-01-13 16:58:49.655710
528,69,990,student,104,2025-12-13 16:58:49.655710
529,115,854,student,101,2025-11-05 16:58:49.655710
530,156,10,student,101,2025-11-25 16:58:49.655710
531,160,960,student,104,2025-12-19 16:58:49.655710
532,179,677,student,101,2025-11-27 16:58:49.655710
533,86,550,student,101,2025-11-08 16:58:49.655710
534,163,340,student,101,2025-12-30 16:58:49.655710
535,41,974,student,103,2025-11-30 16:58:49.655710
536,30,538,student,102,2026-01-28 16:58:49.655710
537,51,688,student,104,2025-12-25 16:58:49.655710
538,102,371,student,104,2025-11-19 16:58:49.655710
539,22,222,student,101,2025-11-26 16:58:49.655710
540,58,146,student,102,2025-11-16 16:58:49.655710
541,90,620,student,104,2025-10-30 16:58:49.655710
542,90,659,student,102,2025-11-07 16:58:49.655710
543,43,501,student,103,2026-01-01 16:58:49.655710
544,151,223,student,101,2026-01-04 16:58:49.655710
545,16,654,student,102,2025-12-24 16:58:49.655710
546,26,569,student,102,2025-11-02 16:58:49.655710
547,99,156,student,103,2025-12-22 16:58:49.655710
548,15,380,student,103,2025-10-30 16:58:49.655710
549,183,648,student,104,2025-11-08 16:58:49.655710
550,106,162,student,104,2026-01-15 16:58:49.655710
551,89,494,student,104,2025-11-17 16:58:49.655710
552,70,379,student,103,2025-11-30 16:58:49.655710
553,15,355,student,103,2026-01-04 16:58:49.655710
554,193,308,student,103,2025-12-14 16:58:49.655710
555,81,296,student,104,2025-12-25 16:58:49.655710
556,172,930,student,104,2025-12-13 16:58:49.655710
557,39,388,student,104,2025-12-05 16:58:49.655710
558,101,745,student,103,2025-11-29 16:58:49.655710
559,104,221,student,102,2025-12-04 16:58:49.655710
560,157,598,student,104,2025-12-29 16:58:49.655710
561,154,549,student,102,2025-11-29 16:58:49.655710
562,112,757,student,102,2026-01-05 16:58:49.655710
563,162,237,student,103,2025-12-11 16:58:49.655710
564,33,599,student,102,2026-01-18 16:58:49.655710
565,160,150,student,103,2026-01-22 16:58:49.655710
566,46,895,student,104,2025-12-21 16:58:49.655710
567,164,72,student,102,2025-12-13 16:58:49.655710
568,121,335,student,103,2025-12-02 16:58:49.655710
569,77,477,student,104,2026-01-05 16:58:49.655710
570,78,278,student,103,2025-11-23 16:58:49.655710
571,140,56,student,102,2025-12-30 16:58:49.655710
572,79,705,student,102,2025-12-02 16:58:49.655710
573,164,302,student,103,2026-01-06 16:58:49.655710
574,104,304,student,104,2025-11-28 16:58:49.655710
575,29,511,student,102,2025-12-07 16:58:49.655710
576,86,84,student,103,2026-01-10 16:58:49.655710
577,10,585,student,101,2026-01-03 16:58:49.655710
578,44,952,student,104,2025-12-20 16:58:49.655710
579,136,177,student,103,2025-12-03 16:58:49.655710
580,58,213,student,104,2026-01-04 16:58:49.655710
581,42,50,student,102,2025-11-18 16:58:49.655710
582,119,257,student,104,2026-01-05 16:58:49.655710
583,52,238,student,103,2025-12-31 16:58:49.655710
584,129,502,student,103,2025-11-12 16:58:49.655710
585,173,717,student,101,2025-12-22 16:58:49.655710
586,45,512,student,101,2026-01-06 16:58:49.655710
587,7,502,student,104,2026-01-10 16:58:49.655710
588,193,74,student,104,2025-12-09 16:58:49.655710
589,76,154,student,104,2025-11-22 16:58:49.655710
590,41,184,student,101,2026-01-15 16:58:49.655710
591,7,530,student,103,2025-11-19 16:58:49.655710
592,95,662,student,103,2026-01-05 16:58:49.655710
593,12,897,student,101,2025-11-18 16:58:49.655710
594,19,967,student,104,2025-11-05 16:58:49.655710
595,61,444,student,103,2025-11-10 16:58:49.655710
596,34,245,student,101,2026-01-17 16:58:49.655710
597,147,372,student,104,2025-10-30 16:58:49.655710
598,177,638,student,101,2025-11-25 16:58:49.655710
599,144,84,student,104,2026-01-15 16:58:49.655710
600,30,553,student,102,2026-01-15 16:58:49.655710
601,133,304,student,102,2025-11-06 16:58:49.655710
602,41,772,student,103,2025-12-25 16:58:49.655710
603,20,109,student,104,2026-01-28 16:58:49.655710
604,143,135,student,103,2026-01-12 16:58:49.655710
605,75,368,student,101,2025-11-06 16:58:49.655710
606,29,423,student,101,2025-12-11 16:58:49.655710
607,46,128,student,103,2026-01-12 16:58:49.655710
608,126,572,student,101,2025-11-29 16:58:49.655710
609,66,444,student,104,2026-01-13 16:58:49.655710
610,111,314,student,103,2025-11-09 16:58:49.655710
611,46,509,student,101,2026-01-11 16:58:49.655710
612,163,644,student,101,2025-11-28 16:58:49.655710
613,184,765,student,101,2025-11-28 16:58:49.655710
614,91,945,student,104,2025-12-12 16:58:49.655710
615,176,318,student,103,2026-01-26 16:58:49.655710
616,110,585,student,103,2025-10-30 16:58:49.655710
617,93,17,student,103,2025-12-21 16:58:49.655710
618,110,761,student,103,2025-11-21 16:58:49.655710
619,30,205,student,102,2025-10-31 16:58:49.655710
620,75,220,student,104,2026-01-03 16:58:49.655710
621,127,271,student,103,2025-11-28 16:58:49.655710
622,154,54,student,103,2025-11-06 16:58:49.655710
623,70,951,student,101,2025-11-23 16:58:49.655710
624,118,256,student,102,2025-12-12 16:58:49.655710
625,29,588,student,104,2025-12-01 16:58:49.655710
626,5,124,student,104,2025-12-18 16:58:49.655710
627,161,839,student,103,2025-12-03 16:58:49.655710
628,123,346,student,101,2025-12-24 16:58:49.655710
629,89,406,student,102,2026-01-04 16:58:49.655710
630,113,985,student,103,2025-11-15 16:58:49.655710
631,9,563,student,103,2026-01-15 16:58:49.655710
632,83,817,student,101,2025-12-19 16:58:49.655710
633,144,861,student,102,2025-11-16 16:58:49.655710
634,2,126,student,104,2026-01-28 16:58:49.655710
635,85,658,student,101,2025-12-07 16:58:49.655710
636,98,250,student,103,2026-01-16 16:58:49.655710
637,151,963,student,102,2025-12-04 16:58:49.655710
638,36,700,student,101,2025-12-01 16:58:49.655710
639,104,381,student,103,2026-01-05 16:58:49.655710
640,6,652,student,102,2025-12-27 16:58:49.655710
641,117,418,student,101,2026-01-08 16:58:49.655710
642,56,24,student,103,2025-11-04 16:58:49.655710
643,94,740,student,101,2025-11-26 16:58:49.655710
644,86,390,student,101,2025-11-25 16:58:49.655710
645,158,403,student,104,2026-01-23 16:58:49.655710
646,8,437,student,101,2025-12-26 16:58:49.655710
647,52,683,student,102,2025-11-28 16:58:49.655710
648,144,381,student,102,2025-11-30 16:58:49.655710
649,190,515,student,104,2025-12-16 16:58:49.655710
650,185,380,student,102,2026-01-12 16:58:49.655710
651,44,16,student,101,2025-11-08 16:58:49.655710
652,66,38,student,102,2025-12-09 16:58:49.655710
653,99,96,student,104,2025-12-03 16:58:49.655710
654,161,818,student,103,2025-12-20 16:58:49.655710
655,102,750,student,102,2025-12-01 16:58:49.655710
656,158,206,student,103,2025-11-19 16:58:49.655710
657,96,161,student,103,2026-01-04 16:58:49.657147
658,103,936,student,101,2025-11-05 16:58:49.657147
659,182,898,student,104,2025-12-05 16:58:49.657147
660,38,999,student,102,2025-11-07 16:58:49.657147
661,177,639,student,102,2026-01-09 16:58:49.657147
662,103,643,student,103,2025-12-20 16:58:49.657147
663,132,675,student,104,2025-12-21 16:58:49.657147
664,113,585,student,104,2026-01-16 16:58:49.657147
665,43,323,student,104,2026-01-26 16:58:49.657147
666,79,327,student,103,2026-01-13 16:58:49.657147
667,179,101,student,102,2025-11-20 16:58:49.657147
668,61,644,student,102,2025-11-04 16:58:49.657147
669,155,70,student,104,2025-10-30 16:58:49.657147
670,88,867,student,102,2025-12-21 16:58:49.657147
671,85,120,student,104,2026-01-26 16:58:49.657147
672,143,310,student,102,2026-01-11 16:58:49.657147
673,93,924,student,101,2025-11-11 16:58:49.657147
674,20,181,student,103,2025-11-27 16:58:49.657147
675,149,878,student,101,2026-01-23 16:58:49.657147
676,177,830,student,103,2026-01-11 16:58:49.657147
677,12,551,student,104,2025-12-11 16:58:49.657147
678,81,986,student,104,2025-11-09 16:58:49.657147
679,86,243,student,101,2026-01-13 16:58:49.657147
680,172,989,student,102,2025-12-02 16:58:49.657147
681,187,893,student,104,2026-01-19 16:58:49.657147
682,158,881,student,103,2025-12-10 16:58:49.657147
683,89,987,student,102,2025-12-24 16:58:49.657147
684,143,173,student,103,2025-11-26 16:58:49.657147
685,112,851,student,104,2025-12-28 16:58:49.657147
686,106,976,student,104,2026-01-03 16:58:49.657147
687,40,527,student,104,2025-12-11 16:58:49.657147
688,72,519,student,103,2026-01-07 16:58:49.657147
689,49,467,student,103,2025-12-08 16:58:49.657147
690,184,949,student,103,2025-11-24 16:58:49.657147
691,33,85,student,101,2025-12-04 16:58:49.657147
692,166,62,student,101,2026-01-21 16:58:49.657147
693,177,599,student,103,2025-12-23 16:58:49.657147
694,174,797,student,103,2025-12-17 16:58:49.657147
695,155,193,student,104,2026-01-12 16:58:49.657147
696,73,889,student,103,2026-01-08 16:58:49.657147
697,142,840,student,102,2025-11-20 16:58:49.657147
698,56,167,student,104,2025-11-23 16:58:49.657147
699,82,9,student,102,2025-11-03 16:58:49.657147
700,80,845,student,102,2025-11-13 16:58:49.657147
701,93,567,student,104,2025-11-23 16:58:49.657147
702,155,279,student,101,2025-11-11 16:58:49.657147
703,26,176,student,101,2025-12-23 16:58:49.657147
704,147,225,student,103,2025-12-26 16:58:49.657147
705,102,402,student,101,2026-01-22 16:58:49.657147
706,178,605,student,102,2025-11-18 16:58:49.657147
707,24,681,student,103,2025-11-27 16:58:49.657147
708,176,177,student,101,2026-01-07 16:58:49.657147
709,194,562,student,104,2025-11-06 16:58:49.657147
710,194,131,student,101,2026-01-11 16:58:49.657147
711,181,189,student,102,2025-11-28 16:58:49.657147
712,126,304,student,103,2026-01-17 16:58:49.657147
713,200,869,student,104,2025-12-05 16:58:49.657147
714,59,593,student,104,2025-12-03 16:58:49.657147
715,178,421,student,103,2026-01-07 16:58:49.657147
716,164,751,student,101,2025-11-09 16:58:49.657147
717,145,879,student,104,2025-12-16 16:58:49.657147
718,85,596,student,101,2025-11-14 16:58:49.657147
719,116,285,student,104,2025-11-16 16:58:49.657147
720,24,258,student,104,2025-12-02 16:58:49.657147
721,76,556,student,104,2025-12-14 16:58:49.657147
722,73,641,student,104,2025-12-01 16:58:49.657147
723,90,98,student,102,2025-11-19 16:58:49.657147
724,197,410,student,104,2025-11-07 16:58:49.657147
725,13,173,student,101,2025-12-02 16:58:49.657147
726,179,64,student,102,2025-11-27 16:58:49.657147
727,127,36,student,102,2025-12-29 16:58:49.657147
728,17,311,student,102,2025-11-03 16:58:49.657147
729,197,764,student,101,2026-01-12 16:58:49.657147
730,24,481,student,101,2026-01-07 16:58:49.657147
731,151,659,student,101,2025-11-20 16:58:49.657147
732,89,621,student,102,2025-11-23 16:58:49.657147
733,171,946,student,102,2026-01-10 16:58:49.657147
734,76,329,student,103,2026-01-26 16:58:49.657147
735,56,652,student,101,2025-12-29 16:58:49.657147
736,16,868,student,104,2026-01-28 16:58:49.657147
737,165,588,student,104,2026-01-11 16:58:49.657147
738,84,168,student,103,2025-12-03 16:58:49.657147
739,49,556,student,102,2025-12-04 16:58:49.657147
740,32,734,student,101,2025-11-24 16:58:49.657147
741,110,410,student,103,2025-11-19 16:58:49.657147
742,200,633,student,104,2025-11-30 16:58:49.657147
743,54,396,student,103,2026-01-04 16:58:49.657147
744,153,630,student,103,2025-12-11 16:58:49.657147
745,46,305,student,103,2025-12-23 16:58:49.657147
746,69,469,student,103,2026-01-27 16:58:49.657147
747,48,899,student,104,2026-01-03 16:58:49.657147
748,163,19,student,103,2026-01-20 16:58:49.657147
749,69,933,student,103,2025-12-29 16:58:49.657147
750,46,537,student,101,2025-12-19 16:58:49.657147
751,17,336,student,102,2025-11-11 16:58:49.657147
752,93,133,student,103,2025-11-14 16:58:49.657147
753,146,592,student,103,2025-12-11 16:58:49.657147
754,18,628,student,102,2026-01-04 16:58:49.657147
755,161,599,student,104,2025-12-09 16:58:49.657147
756,95,268,student,101,2025-11-13 16:58:49.657147
757,137,994,student,101,2026-01-09 16:58:49.657147
758,116,792,student,104,2026-01-20 16:58:49.657147
759,196,506,student,102,2026-01-11 16:58:49.657147
760,71,845,student,103,2025-12-22 16:58:49.657147
761,48,103,student,102,2025-12-01 16:58:49.657147
762,113,379,student,101,2026-01-13 16:58:49.657147
763,166,861,student,104,2026-01-28 16:58:49.657147
764,84,125,student,103,2025-12-15 16:58:49.657147
765,138,759,student,101,2025-12-18 16:58:49.657147
766,160,112,student,103,2026-01-21 16:58:49.657147
767,29,337,student,101,2025-12-19 16:58:49.657147
768,200,754,student,102,2026-01-11 16:58:49.657147
769,63,48,student,104,2025-12-18 16:58:49.657147
770,189,449,student,101,2026-01-07 16:58:49.657147
771,183,467,student,104,2026-01-24 16:58:49.657147
772,173,453,student,102,2026-01-07 16:58:49.657147
773,95,236,student,103,2025-11-27 16:58:49.657147
774,185,2,student,103,2026-01-09 16:58:49.657147
775,195,311,student,101,2025-11-08 16:58:49.657147
776,28,402,student,102,2025-11-11 16:58:49.657147
777,178,295,student,102,2026-01-22 16:58:49.657147
778,107,954,student,104,2026-01-18 16:58:49.657147
779,38,208,student,104,2025-11-25 16:58:49.657147
780,107,19,student,101,2026-01-08 16:58:49.657147
781,163,468,student,101,2025-11-16 16:58:49.657147
782,108,805,student,104,2025-12-18 16:58:49.657147
783,131,827,student,104,2025-12-05 16:58:49.657147
784,133,496,student,102,2026-01-14 16:58:49.657147
785,180,547,student,101,2025-11-18 16:58:49.657147
786,10,832,student,103,2026-01-03 16:58:49.657147
787,133,657,student,102,2025-12-06 16:58:49.657147
788,166,227,student,103,2025-11-11 16:58:49.657147
789,20,258,student,104,2025-11-06 16:58:49.657147
790,177,63,student,101,2025-12-07 16:58:49.657147
791,77,4,student,101,2025-11-08 16:58:49.657147
792,26,599,student,103,2026-01-04 16:58:49.657147
793,85,705,student,102,2025-11-11 16:58:49.657147
794,81,66,student,102,2026-01-16 16:58:49.657147
795,25,907,student,103,2026-01-01 16:58:49.657147
796,57,144,student,101,2025-11-25 16:58:49.657147
797,127,100,student,104,2025-12-23 16:58:49.657147
798,95,262,student,103,2025-12-18 16:58:49.657147
799,70,312,student,101,2025-12-21 16:58:49.657147
800,53,77,student,102,2025-12-18 16:58:49.657147
801,111,758,student,104,2025-11-20 16:58:49.657147
802,121,830,student,101,2026-01-07 16:58:49.657147
803,97,190,student,102,2025-12-24 16:58:49.657147
804,129,765,student,102,2025-12-01 16:58:49.657147
805,154,115,student,104,2025-12-20 16:58:49.657147
806,28,176,student,104,2025-11-17 16:58:49.657147
807,20,715,student,103,2025-11-10 16:58:49.657147
808,200,600,student,104,2026-01-07 16:58:49.657147
809,135,828,student,101,2026-01-28 16:58:49.657147
810,186,714,student,102,2025-12-09 16:58:49.657147
811,68,879,student,102,2026-01-09 16:58:49.657147
812,154,723,student,101,2025-12-05 16:58:49.657147
813,72,379,student,101,2025-11-10 16:58:49.657147
814,172,423,student,102,2025-12-27 16:58:49.657147
815,149,634,student,103,2026-01-24 16:58:49.657147
816,72,822,student,104,2025-12-24 16:58:49.657147
817,188,990,student,104,2026-01-20 16:58:49.657147
818,165,700,student,102,2025-11-16 16:58:49.657147
819,200,584,student,104,2026-01-06 16:58:49.657147
820,92,487,student,103,2026-01-12 16:58:49.657147
821,60,760,student,102,2025-11-26 16:58:49.657147
822,100,807,student,102,2025-11-04 16:58:49.657147
823,33,16,student,102,2026-01-13 16:58:49.657147
824,7,521,student,103,2025-12-11 16:58:49.657147
825,100,252,student,103,2025-12-21 16:58:49.657147
826,47,161,student,104,2026-01-03 16:58:49.657147
827,173,589,student,101,2025-11-19 16:58:49.657147
828,41,188,student,103,2025-10-30 16:58:49.657147
829,38,490,student,102,2025-12-06 16:58:49.657147
830,46,731,student,102,2026-01-24 16:58:49.657147
831,32,249,student,101,2025-11-07 16:58:49.657147
832,74,758,student,104,2025-11-19 16:58:49.657147
833,136,785,student,102,2026-01-04 16:58:49.657147
834,60,766,student,104,2025-12-14 16:58:49.657147
835,168,569,student,104,2026-01-17 16:58:49.657147
836,51,74,student,104,2026-01-10 16:58:49.657147
837,67,255,student,103,2025-12-28 16:58:49.657147
838,183,179,student,103,2025-12-01 16:58:49.657147
839,34,795,student,103,2025-12-05 16:58:49.657147
840,4,74,student,102,2025-12-17 16:58:49.657147
841,164,837,student,102,2026-01-04 16:58:49.657147
842,46,779,student,103,2026-01-21 16:58:49.657147
843,86,507,student,103,2025-11-11 16:58:49.657147
844,79,514,student,102,2025-11-24 16:58:49.657147
845,75,277,student,101,2026-01-24 16:58:49.657147
846,125,550,student,104,2025-11-03 16:58:49.657147
847,57,437,student,104,2026-01-03 16:58:49.657147
848,14,111,student,103,2025-11-23 16:58:49.657147
849,79,100,student,103,2025-12-06 16:58:49.657147
850,17,196,student,103,2026-01-04 16:58:49.657147
851,175,628,student,103,2025-12-13 16:58:49.657147
852,76,137,student,104,2025-12-30 16:58:49.657147
853,92,984,student,103,2025-11-01 16:58:49.657147
854,198,868,student,104,2025-11-01 16:58:49.657147
855,124,719,student,102,2026-01-14 16:58:49.657147
856,13,7,student,101,2025-12-09 16:58:49.657147
857,116,524,student,102,2026-01-05 16:58:49.657147
858,47,516,student,103,2025-11-15 16:58:49.657147
859,96,60,student,103,2025-12-29 16:58:49.657147
860,93,923,student,104,2025-12-11 16:58:49.657147
861,50,908,student,103,2026-01-06 16:58:49.657147
862,88,649,student,101,2026-01-20 16:58:49.657147
863,178,952,student,102,2026-01-28 16:58:49.657147
864,179,426,student,101,2025-12-04 16:58:49.657147
865,22,777,student,102,2025-12-08 16:58:49.657147
866,197,63,student,103,2026-01-23 16:58:49.657147
867,127,886,student,102,2025-11-05 16:58:49.657147
868,100,617,student,104,2026-01-14 16:58:49.657147
869,123,390,student,101,2025-11-14 16:58:49.657147
870,58,74,student,104,2025-11-20 16:58:49.657147
871,13,67,student,104,2025-11-05 16:58:49.657147
872,122,493,student,103,2026-01-19 16:58:49.657147
873,186,237,student,104,2025-12-12 16:58:49.657147
874,163,657,student,104,2025-11-09 16:58:49.657147
875,61,422,student,104,2025-12-29 16:58:49.657147
876,24,764,student,102,2025-11-19 16:58:49.657147
877,196,984,student,103,2025-12-19 16:58:49.657147
878,140,756,student,103,2025-12-31 16:58:49.657147
879,23,167,student,102,2025-11-19 16:58:49.657147
880,97,358,student,104,2025-11-07 16:58:49.657147
881,133,23,student,101,2026-01-09 16:58:49.657147
882,74,528,student,104,2025-11-18 16:58:49.657147
883,6,408,student,104,2025-11-04 16:58:49.657147
884,13,279,student,101,2025-11-26 16:58:49.657147
885,118,124,student,101,2025-12-16 16:58:49.657147
886,75,717,student,104,2025-11-19 16:58:49.657147
887,97,239,student,101,2026-01-11 16:58:49.657147
888,23,445,student,103,2025-11-20 16:58:49.657147
889,163,557,student,103,2025-12-06 16:58:49.657147
890,138,336,student,104,2025-11-22 16:58:49.657147
891,123,149,student,101,2026-01-22 16:58:49.657147
892,74,594,student,103,2025-11-30 16:58:49.657147
893,63,959,student,101,2026-01-03 16:58:49.657147
894,149,157,student,101,2026-01-09 16:58:49.657147
895,6,351,student,103,2025-12-22 16:58:49.657147
896,168,828,student,104,2025-11-23 16:58:49.657147
897,32,507,student,104,2025-10-31 16:58:49.657147
898,188,267,student,104,2026-01-03 16:58:49.657147
899,126,909,student,104,2026-01-05 16:58:49.657147
900,142,60,student,103,2026-01-28 16:58:49.657147
901,83,995,student,102,2025-11-09 16:58:49.657147
902,72,704,student,102,2025-11-28 16:58:49.657147
903,199,502,student,102,2025-12-20 16:58:49.657147
904,108,772,student,103,2025-11-20 16:58:49.657147
905,83,16,student,104,2025-11-08 16:58:49.657147
906,108,829,student,102,2025-11-02 16:58:49.657147
907,3,119,student,101,2025-12-02 16:58:49.657147
908,46,530,student,103,2025-11-27 16:58:49.657147
909,139,704,student,104,2026-01-09 16:58:49.657147
910,115,19,student,101,2025-11-25 16:58:49.657147
911,23,96,student,104,2025-11-22 16:58:49.657147
912,127,273,student,101,2026-01-17 16:58:49.657147
913,77,429,student,101,2026-01-13 16:58:49.657147
914,169,135,student,103,2026-01-05 16:58:49.657147
915,8,417,student,103,2025-11-15 16:58:49.657147
916,55,909,student,104,2026-01-09 16:58:49.657147
917,166,161,student,101,2026-01-16 16:58:49.657147
918,47,10,student,104,2025-12-19 16:58:49.657147
919,31,185,student,103,2025-11-14 16:58:49.657147
920,200,970,student,101,2026-01-19 16:58:49.657147
921,81,590,student,103,2025-12-22 16:58:49.657147
922,65,311,student,102,2026-01-18 16:58:49.657147
923,85,951,student,104,2025-12-06 16:58:49.657147
924,121,874,student,104,2025-11-13 16:58:49.657147
925,52,307,student,102,2025-12-20 16:58:49.657147
926,83,800,student,104,2025-11-07 16:58:49.657147
927,105,246,student,104,2026-01-07 16:58:49.657147
928,48,870,student,104,2025-11-18 16:58:49.657147
929,110,209,student,101,2026-01-26 16:58:49.657147
930,109,940,student,104,2026-01-23 16:58:49.657147
931,83,878,student,101,2025-12-04 16:58:49.657147
932,136,5,student,101,2026-01-27 16:58:49.657147
933,46,76,student,103,2026-01-28 16:58:49.657147
934,57,816,student,102,2025-11-12 16:58:49.657147
935,93,75,student,102,2026-01-21 16:58:49.657147
936,43,218,student,104,2025-11-10 16:58:49.657147
937,101,53,student,102,2025-12-17 16:58:49.657147
938,75,748,student,104,2026-01-05 16:58:49.657147
939,167,976,student,102,2025-11-18 16:58:49.657147
940,133,403,student,101,2026-01-24 16:58:49.657147
941,42,288,student,104,2025-11-09 16:58:49.657147
942,108,654,student,101,2025-11-04 16:58:49.657147
943,164,78,student,103,2025-11-05 16:58:49.657147
944,192,984,student,102,2025-12-18 16:58:49.657147
945,48,189,student,104,2025-12-25 16:58:49.657147
946,74,424,student,104,2025-11-20 16:58:49.657147
947,78,741,student,104,2025-12-18 16:58:49.657147
948,59,48,student,103,2025-12-15 16:58:49.657147
949,188,259,student,104,2026-01-07 16:58:49.657147
950,103,171,student,102,2025-12-21 16:58:49.657147
951,148,36,student,104,2026-01-12 16:58:49.657147
952,54,107,student,102,2025-11-22 16:58:49.657147
953,69,474,student,104,2025-12-28 16:58:49.657147
954,109,69,student,103,2025-11-06 16:58:49.657147
955,41,604,student,101,2025-11-01 16:58:49.657147
956,118,937,student,102,2025-11-06 16:58:49.657147
957,12,679,student,103,2026-01-04 16:58:49.657147
958,177,338,student,101,2025-12-07 16:58:49.657147
959,137,740,student,103,2026-01-27 16:58:49.657147
960,39,853,student,101,2026-01-13 16:58:49.657147
961,4,347,student,103,2025-11-11 16:58:49.657147
962,193,110,student,101,2026-01-20 16:58:49.657147
963,189,225,student,101,2025-11-15 16:58:49.657147
964,118,409,student,102,2025-12-28 16:58:49.657147
965,9,872,student,102,2026-01-21 16:58:49.657147
966,143,518,student,104,2025-11-27 16:58:49.657147
967,161,748,student,102,2025-11-11 16:58:49.657147
968,39,658,student,104,2025-12-28 16:58:49.657147
969,43,661,student,103,2025-12-07 16:58:49.657147
970,158,343,student,101,2026-01-07 16:58:49.657147
971,41,360,student,101,2026-01-18 16:58:49.657147
972,175,631,student,103,2026-01-03 16:58:49.657147
973,11,235,student,101,2026-01-05 16:58:49.657147
974,106,741,student,103,2026-01-15 16:58:49.657147
975,196,493,student,103,2026-01-14 16:58:49.657147
976,118,831,student,103,2026-01-11 16:58:49.657147
977,112,315,student,103,2025-12-31 16:58:49.657147
978,10,100,student,101,2025-11-30 16:58:49.657147
979,139,110,student,104,2025-11-26 16:58:49.657147
980,22,22,student,101,2025-12-17 16:58:49.657147
981,104,248,student,101,2026-01-21 16:58:49.657147
982,108,433,student,101,2025-11-12 16:58:49.657147
983,157,441,student,103,2026-01-13 16:58:49.657147
984,183,352,student,104,2026-01-02 16:58:49.657147
985,130,435,student,104,2025-11-17 16:58:49.657147
986,9,336,student,104,2026-01-05 16:58:49.657147
987,123,943,student,102,2025-10-31 16:58:49.657147
988,128,756,student,101,2025-11-19 16:58:49.657147
989,101,875,student,103,2025-12-10 16:58:49.657147
990,146,475,student,102,2025-11-30 16:58:49.657147
991,77,58,student,102,2025-12-03 16:58:49.657147
992,116,787,student,102,2026-01-09 16:58:49.657147
993,111,644,student,102,2026-01-06 16:58:49.657147
994,146,268,student,104,2026-01-14 16:58:49.657147
995,62,709,student,103,2025-12-15 16:58:49.657147
996,192,221,student,101,2025-12-25 16:58:49.657147
997,88,712,student,101,2025-11-28 16:58:49.657147
998,98,659,student,103,2025-12-16 16:58:49.657147
999,200,71,student,101,2025-11-15 16:58:49.657147
1000,119,611,student,103,2025-11-06 16:58:49.657147
1001,191,653,student,104,2026-01-19 16:58:49.657147
1002,160,269,student,103,2026-01-02 16:58:49.657147
1003,128,863,student,101,2026-01-14 16:58:49.657147
1004,130,217,student,103,2025-10-30 16:58:49.657147
1005,137,521,student,103,2025-12-08 16:58:49.657147
1006,33,611,student,101,2025-11-07 16:58:49.657147
1007,124,247,student,102,2025-11-13 16:58:49.657147
1008,129,68,student,104,2026-01-14 16:58:49.657147
1009,154,964,student,101,2026-01-02 16:58:49.657147
1010,26,94,student,101,2026-01-16 16:58:49.657147
1011,23,282,student,102,2025-11-09 16:58:49.657147
1012,77,603,student,101,2025-11-11 16:58:49.657147
1013,96,857,student,101,2025-12-09 16:58:49.657147
1014,29,962,student,103,2026-01-05 16:58:49.657147
1015,98,552,student,103,2025-11-29 16:58:49.657147
1016,24,811,student,104,2025-12-12 16:58:49.657147
1017,74,986,student,101,2026-01-09 16:58:49.657147
1018,42,560,student,102,2025-12-31 16:58:49.657147
1019,182,762,student,104,2025-11-06 16:58:49.657147
1020,123,621,student,104,2026-01-19 16:58:49.657147
1021,168,831,student,102,2026-01-13 16:58:49.657147
1022,88,919,student,102,2025-12-15 16:58:49.657147
1023,73,351,student,103,2025-11-04 16:58:49.657147
1024,72,472,student,102,2025-11-29 16:58:49.657147
1025,71,377,student,104,2025-11-22 16:58:49.657147
1026,165,70,student,101,2025-11-09 16:58:49.657147
1027,15,551,student,103,2025-12-18 16:58:49.657147
1028,108,507,student,101,2025-11-07 16:58:49.657147
1029,15,56,student,101,2025-12-20 16:58:49.657147
1030,171,845,student,103,2025-11-02 16:58:49.657147
1031,163,886,student,101,2025-12-26 16:58:49.657147
1032,146,128,student,104,2025-11-13 16:58:49.657147
1033,31,30,student,104,2026-01-18 16:58:49.657147
1034,77,679,student,101,2025-11-06 16:58:49.657147
1035,54,502,student,102,2025-12-19 16:58:49.657147
1036,10,259,student,102,2025-12-04 16:58:49.657147
1037,9,692,student,102,2025-12-24 16:58:49.657147
1038,64,369,student,101,2026-01-24 16:58:49.657147
1039,130,26,student,104,2025-12-30 16:58:49.657147
1040,45,486,student,102,2025-11-28 16:58:49.657147
1041,169,684,student,101,2025-11-25 16:58:49.657147
1042,86,520,student,104,2026-01-25 16:58:49.657147
1043,114,311,student,101,2026-01-08 16:58:49.657147
1044,21,673,student,101,2026-01-11 16:58:49.657147
1045,52,469,student,102,2026-01-09 16:58:49.657147
1046,78,82,student,101,2025-11-09 16:58:49.657147
1047,55,513,student,103,2026-01-16 16:58:49.657147
1048,173,243,student,102,2025-11-06 16:58:49.657147
1049,17,393,student,103,2026-01-11 16:58:49.657147
1050,161,543,student,104,2025-12-18 16:58:49.657147
1051,120,591,student,103,2026-01-23 16:58:49.657147
1052,32,58,student,101,2025-11-18 16:58:49.657147
1053,29,155,student,102,2025-11-09 16:58:49.657147
1054,182,14,student,101,2026-01-19 16:58:49.657147
1055,127,899,student,103,2026-01-23 16:58:49.657147
1056,63,158,student,103,2025-11-25 16:58:49.657147
1057,111,599,student,101,2026-01-24 16:58:49.657147
1058,117,534,student,103,2025-12-19 16:58:49.657147
1059,163,226,student,103,2026-01-12 16:58:49.657147
1060,150,923,student,104,2025-11-04 16:58:49.657147
1061,7,608,student,101,2026-01-24 16:58:49.657147
1062,110,928,student,103,2025-11-07 16:58:49.657147
1063,73,232,student,103,2026-01-20 16:58:49.657147
1064,160,456,student,104,2026-01-08 16:58:49.657147
1065,122,653,student,101,2025-12-15 16:58:49.657147
1066,73,7,student,102,2025-10-30 16:58:49.657147
1067,87,823,student,103,2025-12-18 16:58:49.657147
1068,39,882,student,102,2026-01-19 16:58:49.657147
1069,72,972,student,101,2025-11-19 16:58:49.657147
1070,18,225,student,104,2025-12-17 16:58:49.657147
1071,125,608,student,101,2026-01-02 16:58:49.657147
1072,159,50,student,104,2026-01-16 16:58:49.657147
1073,126,302,student,101,2026-01-17 16:58:49.657147
1074,197,9,student,101,2025-11-22 16:58:49.657147
1075,104,458,student,104,2025-11-27 16:58:49.657147
1076,118,487,student,103,2025-11-16 16:58:49.657147
1077,98,994,student,101,2025-12-21 16:58:49.657147
1078,97,356,student,103,2025-11-06 16:58:49.657147
1079,151,61,student,102,2026-01-19 16:58:49.657147
1080,190,682,student,103,2026-01-08 16:58:49.657147
1081,126,967,student,102,2025-11-08 16:58:49.657147
1082,38,262,student,104,2025-11-16 16:58:49.657147
1083,175,490,student,103,2025-12-15 16:58:49.657147
1084,188,571,student,103,2025-11-03 16:58:49.657147
1085,194,693,student,102,2026-01-21 16:58:49.657147
1086,36,455,student,103,2026-01-15 16:58:49.657147
1087,5,306,student,103,2025-11-18 16:58:49.657147
1088,138,506,student,102,2025-12-12 16:58:49.657147
1089,159,266,student,102,2025-12-11 16:58:49.657147
1090,84,722,student,104,2026-01-03 16:58:49.657147
1091,66,734,student,104,2025-11-17 16:58:49.657147
1092,182,145,student,103,2026-01-10 16:58:49.657147
1093,71,197,student,101,2025-12-29 16:58:49.657147
1094,74,98,student,101,2026-01-09 16:58:49.657147
1095,197,265,student,104,2025-11-06 16:58:49.657147
1096,39,441,student,101,2026-01-02 16:58:49.657147
1097,125,81,student,103,2025-12-08 16:58:49.657147
1098,139,277,student,101,2025-12-02 16:58:49.657147
1099,140,889,student,102,2025-12-03 16:58:49.657147
1100,15,940,student,104,2025-11-06 16:58:49.657147
1101,156,769,student,104,2026-01-12 16:58:49.657147
1102,181,342,student,101,2025-12-22 16:58:49.657147
1103,153,128,student,102,2025-12-13 16:58:49.657147
1104,128,794,student,102,2026-01-19 16:58:49.657147
1105,130,548,student,104,2025-12-10 16:58:49.657147
1106,49,181,student,103,2026-01-09 16:58:49.657147
1107,140,316,student,103,2026-01-02 16:58:49.657147
1108,46,181,student,103,2026-01-09 16:58:49.657147
1109,167,755,student,103,2026-01-28 16:58:49.657147
1110,81,894,student,101,2025-12-07 16:58:49.657147
1111,59,133,student,103,2025-11-18 16:58:49.657147
1112,56,42,student,104,2025-11-10 16:58:49.657147
1113,45,759,student,103,2025-11-14 16:58:49.657147
1114,87,713,student,102,2026-01-18 16:58:49.657147
1115,78,674,student,101,2026-01-04 16:58:49.657147
1116,168,603,student,104,2025-11-01 16:58:49.657147
1117,165,837,student,101,2025-12-21 16:58:49.657147
1118,93,308,student,103,2026-01-06 16:58:49.657147
1119,22,250,student,104,2026-01-15 16:58:49.657147
1120,64,799,student,103,2025-11-24 16:58:49.657147
1121,5,839,student,103,2026-01-05 16:58:49.657147
1122,157,751,student,103,2025-11-25 16:58:49.657147
1123,125,243,student,103,2026-01-17 16:58:49.657147
1124,9,314,student,102,2025-12-09 16:58:49.657147
1125,158,333,student,103,2026-01-01 16:58:49.657147
1126,94,94,student,103,2025-12-18 16:58:49.657147
1127,99,998,student,104,2025-11-25 16:58:49.657147
1128,141,592,student,101,2025-11-13 16:58:49.657147
1129,180,838,student,103,2025-11-06 16:58:49.657147
1130,25,335,student,101,2026-01-12 16:58:49.657147
1131,8,568,student,102,2026-01-17 16:58:49.657147
1132,47,493,student,102,2026-01-05 16:58:49.657147
1133,147,684,student,102,2025-12-05 16:58:49.657147
1134,19,94,student,102,2025-11-26 16:58:49.657147
1135,103,202,student,101,2025-11-04 16:58:49.657147
1136,114,287,student,102,2025-11-26 16:58:49.657147
1137,2,340,student,104,2026-01-10 16:58:49.657147
1138,61,366,student,101,2026-01-18 16:58:49.657147
1139,79,474,student,104,2025-12-04 16:58:49.657147
1140,111,269,student,103,2025-12-23 16:58:49.657147
1141,150,78,student,104,2025-12-03 16:58:49.657147
1142,84,756,student,104,2025-12-24 16:58:49.657147
1143,173,107,student,104,2025-12-26 16:58:49.657147
1144,195,752,student,104,2025-12-16 16:58:49.657147
1145,14,199,student,102,2025-11-22 16:58:49.657147
1146,149,84,student,102,2025-11-24 16:58:49.657147
1147,157,694,student,104,2025-12-06 16:58:49.657147
1148,32,773,student,104,2026-01-10 16:58:49.657147
1149,47,622,student,103,2025-12-01 16:58:49.657147
1150,3,987,student,103,2025-12-31 16:58:49.657147
1151,41,255,student,104,2025-11-23 16:58:49.657147
1152,152,367,student,104,2025-12-20 16:58:49.657147
1153,104,22,student,104,2025-12-21 16:58:49.657147
1154,64,457,student,101,2025-12-31 16:58:49.657147
1155,28,191,student,102,2026-01-17 16:58:49.657147
1156,52,136,student,101,2025-12-28 16:58:49.657147
1157,180,913,student,101,2025-12-14 16:58:49.657147
1158,20,349,student,102,2026-01-14 16:58:49.657147
1159,126,44,student,104,2025-11-24 16:58:49.657147
1160,42,776,student,103,2025-12-26 16:58:49.657147
1161,24,583,student,103,2025-12-04 16:58:49.657147
1162,155,673,student,103,2026-01-23 16:58:49.657147
1163,6,77,student,103,2025-11-21 16:58:49.657147
1164,55,377,student,104,2025-11-11 16:58:49.657147
1165,108,289,student,101,2025-11-08 16:58:49.657147
1166,34,490,student,104,2025-11-23 16:58:49.657147
1167,71,23,student,104,2025-12-11 16:58:49.657147
1168,108,181,student,103,2026-01-25 16:58:49.657147
1169,200,456,student,103,2026-01-11 16:58:49.657147
1170,187,147,student,103,2025-11-03 16:58:49.657147
1171,164,531,student,101,2026-01-05 16:58:49.657147
1172,167,1000,student,103,2026-01-18 16:58:49.657147
1173,10,223,student,101,2026-01-05 16:58:49.657147
1174,54,259,student,101,2025-11-16 16:58:49.657147
1175,22,261,student,102,2025-11-14 16:58:49.657147
1176,4,912,student,102,2026-01-05 16:58:49.657147
1177,161,790,student,104,2026-01-19 16:58:49.657147
1178,63,678,student,102,2026-01-25 16:58:49.657147
1179,196,98,student,103,2025-12-11 16:58:49.657147
1180,25,659,student,103,2026-01-21 16:58:49.657147
1181,82,605,student,101,2025-12-06 16:58:49.657147
1182,93,283,student,101,2026-01-27 16:58:49.657147
1183,154,752,student,101,2025-12-31 16:58:49.657147
1184,108,561,student,102,2026-01-02 16:58:49.657147
1185,116,848,student,103,2026-01-17 16:58:49.657147
1186,55,592,student,103,2026-01-23 16:58:49.657147
1187,96,634,student,104,2026-01-28 16:58:49.657147
1188,84,476,student,104,2025-11-10 16:58:49.657147
1189,52,806,student,104,2025-12-12 16:58:49.657147
1190,73,906,student,101,2026-01-04 16:58:49.657147
1191,174,794,student,102,2025-12-02 16:58:49.657147
1192,176,980,student,104,2025-12-14 16:58:49.657147
1193,111,123,student,104,2026-01-16 16:58:49.657147
1194,49,304,student,104,2025-11-05 16:58:49.657147
1195,33,146,student,102,2025-10-30 16:58:49.657147
1196,76,481,student,103,2026-01-04 16:58:49.657147
1197,141,596,student,101,2026-01-06 16:58:49.657147
1198,180,426,student,103,2025-12-04 16:58:49.657147
1199,135,199,student,101,2025-11-25 16:58:49.657147
1200,113,719,student,104,2025-12-28 16:58:49.657147
1201,189,733,student,103,2025-12-25 16:58:49.657147
1202,147,675,student,103,2026-01-25 16:58:49.657147
1203,193,987,student,103,2026-01-23 16:58:49.657147
1204,196,831,student,104,2026-01-07 16:58:49.657147
1205,29,561,student,101,2025-11-27 16:58:49.657147
1206,76,647,student,103,2025-10-31 16:58:49.657147
1207,182,657,student,101,2025-12-14 16:58:49.657147
1208,109,436,student,101,2025-12-12 16:58:49.657147
1209,199,738,student,101,2025-12-23 16:58:49.657147
1210,129,91,student,101,2025-12-22 16:58:49.657147
1211,94,961,student,104,2026-01-18 16:58:49.657147
1212,159,625,student,104,2026-01-18 16:58:49.657147
1213,165,317,student,101,2025-12-03 16:58:49.657147
1214,159,437,student,104,2025-11-18 16:58:49.657147
1215,105,996,student,103,2026-01-25 16:58:49.657147
1216,10,98,student,103,2025-11-12 16:58:49.657147
1217,168,924,student,102,2025-12-11 16:58:49.657147
1218,181,717,student,103,2025-11-16 16:58:49.657147
1219,154,417,student,104,2025-11-29 16:58:49.657147
1220,145,517,student,101,2025-11-08 16:58:49.657147
1221,135,306,student,101,2026-01-24 16:58:49.657147
1222,81,900,student,103,2025-12-06 16:58:49.657147
1223,180,996,student,102,2025-12-27 16:58:49.657147
1224,164,780,student,102,2026-01-13 16:58:49.657147
1225,89,86,student,104,2025-12-26 16:58:49.657147
1226,66,422,student,102,2026-01-01 16:58:49.657147
1227,81,159,student,104,2025-11-05 16:58:49.657147
1228,2,949,student,103,2025-12-30 16:58:49.657147
1229,162,947,student,103,2025-11-21 16:58:49.657147
1230,169,885,student,101,2026-01-25 16:58:49.657147
1231,181,11,student,101,2026-01-21 16:58:49.657147
1232,167,990,student,102,2025-12-03 16:58:49.657147
1233,161,504,student,102,2025-12-19 16:58:49.657147
1234,178,630,student,103,2026-01-05 16:58:49.657147
1235,93,444,student,104,2025-11-09 16:58:49.657147
1236,63,726,student,104,2025-12-06 16:58:49.657147
1237,135,269,student,104,2025-11-22 16:58:49.657147
1238,55,789,student,103,2025-12-29 16:58:49.657147
1239,141,545,student,102,2025-12-30 16:58:49.657147
1240,3,303,student,102,2026-01-28 16:58:49.657147
1241,79,769,student,102,2025-12-29 16:58:49.657147
1242,36,903,student,102,2025-12-06 16:58:49.657147
1243,141,592,student,101,2025-11-10 16:58:49.657147
1244,59,834,student,101,2025-12-10 16:58:49.657147
1245,101,3,student,101,2025-12-19 16:58:49.657147
1246,172,36,student,104,2025-12-15 16:58:49.657147
1247,177,76,student,103,2025-12-22 16:58:49.657147
1248,183,148,student,102,2025-11-22 16:58:49.657147
1249,111,347,student,102,2025-11-29 16:58:49.657147
1250,116,337,student,101,2025-12-05 16:58:49.657147
1251,36,109,student,101,2025-12-19 16:58:49.657147
1252,5,844,student,103,2025-12-13 16:58:49.658150
1253,133,389,student,101,2025-10-31 16:58:49.658150
1254,166,231,student,102,2026-01-25 16:58:49.658150
1255,136,218,student,101,2026-01-01 16:58:49.658150
1256,168,770,student,104,2025-12-08 16:58:49.658150
1257,72,564,student,103,2025-12-27 16:58:49.658150
1258,111,605,student,102,2026-01-06 16:58:49.658150
1259,86,675,student,103,2025-11-04 16:58:49.658150
1260,183,523,student,104,2025-12-28 16:58:49.658150
1261,154,96,student,104,2026-01-24 16:58:49.658150
1262,77,631,student,102,2025-12-11 16:58:49.658150
1263,43,462,student,103,2025-12-07 16:58:49.658150
1264,110,65,student,102,2026-01-18 16:58:49.658150
1265,88,4,student,101,2025-11-30 16:58:49.658150
1266,152,112,student,103,2025-11-22 16:58:49.658150
1267,108,46,student,102,2026-01-15 16:58:49.658150
1268,72,551,student,103,2026-01-09 16:58:49.658150
1269,33,163,student,101,2026-01-10 16:58:49.658150
1270,110,443,student,103,2026-01-03 16:58:49.658150
1271,57,259,student,102,2025-11-12 16:58:49.658150
1272,110,538,student,103,2025-11-27 16:58:49.658150
1273,26,962,student,101,2026-01-27 16:58:49.658150
1274,154,402,student,104,2025-12-09 16:58:49.658150
1275,145,444,student,101,2025-11-05 16:58:49.658150
1276,177,129,student,104,2025-12-08 16:58:49.658150
1277,73,318,student,102,2026-01-05 16:58:49.658150
1278,123,589,student,102,2025-11-15 16:58:49.658150
1279,169,333,student,102,2026-01-15 16:58:49.658150
1280,171,567,student,103,2025-12-21 16:58:49.658150
1281,174,716,student,101,2025-11-22 16:58:49.658150
1282,172,215,student,104,2025-12-02 16:58:49.658150
1283,125,278,student,101,2025-11-03 16:58:49.658150
1284,10,480,student,102,2025-12-06 16:58:49.658150
1285,26,500,student,103,2025-11-01 16:58:49.658150
1286,63,346,student,101,2025-12-21 16:58:49.658150
1287,40,570,student,104,2025-12-22 16:58:49.658150
1288,51,816,student,103,2025-11-19 16:58:49.658150
1289,196,618,student,102,2026-01-06 16:58:49.658150
1290,54,695,student,102,2026-01-23 16:58:49.658150
1291,179,227,student,102,2026-01-04 16:58:49.658150
1292,142,335,student,103,2026-01-26 16:58:49.658150
1293,193,762,student,103,2025-11-07 16:58:49.658150
1294,80,204,student,101,2025-12-02 16:58:49.658150
1295,200,254,student,103,2025-12-15 16:58:49.658150
1296,171,333,student,102,2025-12-08 16:58:49.658150
1297,47,639,student,101,2026-01-20 16:58:49.658150
1298,30,926,student,101,2026-01-22 16:58:49.658150
1299,58,100,student,102,2025-12-20 16:58:49.658150
1300,99,135,student,103,2025-12-26 16:58:49.658150
1301,187,51,student,101,2025-12-16 16:58:49.658150
1302,189,745,student,103,2026-01-06 16:58:49.658150
1303,134,660,student,103,2026-01-13 16:58:49.658150
1304,47,389,student,101,2025-11-17 16:58:49.658150
1305,119,932,student,103,2025-12-11 16:58:49.658150
1306,74,111,student,101,2026-01-16 16:58:49.658150
1307,87,857,student,102,2026-01-15 16:58:49.658150
1308,163,102,student,102,2025-11-06 16:58:49.658150
1309,78,295,student,102,2025-10-31 16:58:49.658150
1310,151,440,student,104,2025-11-15 16:58:49.658150
1311,151,255,student,102,2025-12-03 16:58:49.658150
1312,178,585,student,103,2026-01-10 16:58:49.658150
1313,125,931,student,104,2025-11-30 16:58:49.658150
1314,119,476,student,104,2025-11-04 16:58:49.658150
1315,94,686,student,102,2025-11-13 16:58:49.658150
1316,52,871,student,102,2025-11-30 16:58:49.658150
1317,55,199,student,104,2026-01-20 16:58:49.658150
1318,56,407,student,102,2025-12-10 16:58:49.658150
1319,96,282,student,104,2025-11-08 16:58:49.658150
1320,65,289,student,101,2025-11-18 16:58:49.658150
1321,77,961,student,104,2026-01-14 16:58:49.658150
1322,111,587,student,101,2026-01-25 16:58:49.658150
1323,80,807,student,104,2026-01-09 16:58:49.658150
1324,54,524,student,101,2025-12-24 16:58:49.658150
1325,193,359,student,102,2026-01-09 16:58:49.658150
1326,172,198,student,102,2026-01-02 16:58:49.658150
1327,1,560,student,101,2025-11-22 16:58:49.658150
1328,89,914,student,103,2025-12-18 16:58:49.658150
1329,95,389,student,102,2025-12-19 16:58:49.658150
1330,168,38,student,104,2025-12-26 16:58:49.658150
1331,55,239,student,103,2025-12-02 16:58:49.658150
1332,71,26,student,101,2026-01-20 16:58:49.658150
1333,18,526,student,101,2025-11-20 16:58:49.658150
1334,8,205,student,104,2025-11-30 16:58:49.658150
1335,102,939,student,102,2025-12-13 16:58:49.658150
1336,178,853,student,103,2025-10-30 16:58:49.658150
1337,100,884,student,104,2025-11-10 16:58:49.658150
1338,161,311,student,102,2025-12-21 16:58:49.658150
1339,50,944,student,103,2026-01-28 16:58:49.658150
1340,151,110,student,104,2026-01-19 16:58:49.658150
1341,4,111,student,101,2025-11-16 16:58:49.658150
1342,59,293,student,104,2025-10-30 16:58:49.658150
1343,196,911,student,101,2025-11-04 16:58:49.658150
1344,78,953,student,101,2026-01-21 16:58:49.658150
1345,139,116,student,103,2025-11-18 16:58:49.658150
1346,23,436,student,101,2025-12-21 16:58:49.658150
1347,193,312,student,103,2026-01-12 16:58:49.658150
1348,54,431,student,101,2025-12-07 16:58:49.658150
1349,175,803,student,102,2026-01-17 16:58:49.658150
1350,112,813,student,103,2026-01-02 16:58:49.658150
1351,22,933,student,101,2025-11-26 16:58:49.658150
1352,115,678,student,103,2025-12-22 16:58:49.658150
1353,15,853,student,103,2026-01-20 16:58:49.658150
1354,159,649,student,102,2026-01-20 16:58:49.658150
1355,136,191,student,103,2025-12-17 16:58:49.658150
1356,111,114,student,102,2025-11-25 16:58:49.658150
1357,139,985,student,103,2026-01-04 16:58:49.658150
1358,23,268,student,103,2025-11-07 16:58:49.658150
1359,138,119,student,103,2025-11-11 16:58:49.658150
1360,126,396,student,103,2026-01-17 16:58:49.658150
1361,12,503,student,103,2025-11-30 16:58:49.658150
1362,86,566,student,102,2025-12-26 16:58:49.658150
1363,174,982,student,103,2025-12-31 16:58:49.658150
1364,65,752,student,101,2025-11-21 16:58:49.658150
1365,54,434,student,102,2025-12-25 16:58:49.658150
1366,28,821,student,102,2025-11-08 16:58:49.658150
1367,152,681,student,103,2026-01-18 16:58:49.658150
1368,13,106,student,103,2025-12-06 16:58:49.658150
1369,82,652,student,104,2025-12-28 16:58:49.658150
1370,159,349,student,101,2026-01-23 16:58:49.658150
1371,189,30,student,101,2025-12-14 16:58:49.658150
1372,128,643,student,101,2026-01-21 16:58:49.658150
1373,9,441,student,104,2025-11-04 16:58:49.658150
1374,146,672,student,102,2025-12-10 16:58:49.658150
1375,109,463,student,101,2025-12-19 16:58:49.658150
1376,101,830,student,102,2026-01-11 16:58:49.658150
1377,111,152,student,103,2025-11-17 16:58:49.658150
1378,29,80,student,102,2026-01-14 16:58:49.658150
1379,191,933,student,104,2025-11-29 16:58:49.658150
1380,4,240,student,102,2026-01-17 16:58:49.658150
1381,118,614,student,101,2025-12-16 16:58:49.658150
1382,10,364,student,103,2026-01-18 16:58:49.658150
1383,46,677,student,101,2025-12-17 16:58:49.658150
1384,57,3,student,101,2025-12-08 16:58:49.658150
1385,70,282,student,101,2025-11-20 16:58:49.658150
1386,158,355,student,103,2025-12-28 16:58:49.658150
1387,53,500,student,103,2025-12-05 16:58:49.658150
1388,25,806,student,103,2025-11-06 16:58:49.658150
1389,93,750,student,101,2025-12-02 16:58:49.658150
1390,14,166,student,102,2026-01-13 16:58:49.658150
1391,50,936,student,102,2026-01-13 16:58:49.658150
1392,101,140,student,102,2026-01-27 16:58:49.658150
1393,160,940,student,102,2026-01-24 16:58:49.658150
1394,59,412,student,104,2026-01-09 16:58:49.658150
1395,1,31,student,102,2026-01-02 16:58:49.658150
1396,175,597,student,101,2025-11-10 16:58:49.658150
1397,175,411,student,102,2025-11-30 16:58:49.658150
1398,48,815,student,103,2025-11-03 16:58:49.658150
1399,86,137,student,103,2025-12-07 16:58:49.658150
1400,169,427,student,102,2026-01-11 16:58:49.658150
1401,159,32,student,102,2025-12-06 16:58:49.658150
1402,91,74,student,102,2025-12-18 16:58:49.658150
1403,4,91,student,102,2025-11-19 16:58:49.658150
1404,33,148,student,101,2025-12-10 16:58:49.658150
1405,130,703,student,101,2026-01-07 16:58:49.658150
1406,129,942,student,101,2025-12-23 16:58:49.658150
1407,104,530,student,104,2026-01-14 16:58:49.658150
1408,157,782,student,101,2025-12-25 16:58:49.658150
1409,124,178,student,103,2026-01-26 16:58:49.658150
1410,18,929,student,102,2025-11-04 16:58:49.658150
1411,182,441,student,101,2025-11-05 16:58:49.658150
1412,107,474,student,103,2026-01-28 16:58:49.658150
1413,46,429,student,102,2026-01-06 16:58:49.658150
1414,37,915,student,102,2025-12-20 16:58:49.658150
1415,89,992,student,101,2026-01-02 16:58:49.658150
1416,79,321,student,101,2026-01-14 16:58:49.658150
1417,1,9,student,102,2026-01-14 16:58:49.658150
1418,69,551,student,102,2026-01-26 16:58:49.658150
1419,134,351,student,102,2026-01-19 16:58:49.658150
1420,63,415,student,101,2026-01-28 16:58:49.658150
1421,119,624,student,104,2025-12-26 16:58:49.658150
1422,193,607,student,101,2025-12-28 16:58:49.658150
1423,19,910,student,102,2026-01-09 16:58:49.658150
1424,182,596,student,101,2025-12-17 16:58:49.658150
1425,67,14,student,103,2025-12-15 16:58:49.658150
1426,91,180,student,101,2025-12-29 16:58:49.658150
1427,161,650,student,102,2025-12-02 16:58:49.658150
1428,41,201,student,103,2025-12-31 16:58:49.658150
1429,2,774,student,102,2025-11-30 16:58:49.658150
1430,113,82,student,102,2025-12-30 16:58:49.658150
1431,46,359,student,101,2025-12-10 16:58:49.658150
1432,199,545,student,103,2025-11-28 16:58:49.658150
1433,158,284,student,101,2025-12-26 16:58:49.658150
1434,121,830,student,101,2026-01-15 16:58:49.658150
1435,119,868,student,101,2025-12-28 16:58:49.658150
1436,89,116,student,103,2025-12-21 16:58:49.658150
1437,1,641,student,104,2025-11-21 16:58:49.658150
1438,105,593,student,102,2025-12-08 16:58:49.658150
1439,62,596,student,101,2025-11-19 16:58:49.658150
1440,101,19,student,101,2025-11-20 16:58:49.658150
1441,168,659,student,102,2025-11-17 16:58:49.658150
1442,95,915,student,104,2026-01-08 16:58:49.658150
1443,91,568,student,101,2025-11-25 16:58:49.658150
1444,171,531,student,103,2025-11-25 16:58:49.658150
1445,117,805,student,102,2025-11-11 16:58:49.658150
1446,199,67,student,102,2025-12-03 16:58:49.658150
1447,47,193,student,103,2025-12-02 16:58:49.658150
1448,2,815,student,101,2025-12-16 16:58:49.658150
1449,82,769,student,104,2025-11-15 16:58:49.658150
1450,89,886,student,103,2025-11-03 16:58:49.658150
1451,57,860,student,102,2025-11-08 16:58:49.658150
1452,15,614,student,104,2025-12-03 16:58:49.658150
1453,21,931,student,104,2025-11-12 16:58:49.658150
1454,183,530,student,101,2026-01-07 16:58:49.658150
1455,184,27,student,102,2025-10-30 16:58:49.658150
1456,83,129,student,104,2025-11-29 16:58:49.658150
1457,25,236,student,104,2025-12-25 16:58:49.658150
1458,73,452,student,103,2025-11-01 16:58:49.658150
1459,75,71,student,104,2026-01-27 16:58:49.658150
1460,197,238,student,103,2025-11-01 16:58:49.658150
1461,116,923,student,103,2025-12-16 16:58:49.658150
1462,37,172,student,102,2025-11-18 16:58:49.658150
1463,140,21,student,102,2026-01-02 16:58:49.658150
1464,194,679,student,104,2025-11-03 16:58:49.658150
1465,80,806,student,101,2025-11-29 16:58:49.658150
1466,164,870,student,101,2025-11-02 16:58:49.658150
1467,92,798,student,101,2025-11-02 16:58:49.658150
1468,91,980,student,101,2025-12-03 16:58:49.658150
1469,79,359,student,101,2025-12-22 16:58:49.658150
1470,66,622,student,104,2026-01-27 16:58:49.658150
1471,17,160,student,103,2026-01-21 16:58:49.658150
1472,117,864,student,103,2025-12-18 16:58:49.658150
1473,114,759,student,104,2025-12-16 16:58:49.658150
1474,57,972,student,101,2025-11-12 16:58:49.658150
1475,155,333,student,103,2025-11-15 16:58:49.658150
1476,189,454,student,103,2025-12-06 16:58:49.658150
1477,135,545,student,104,2025-11-07 16:58:49.658150
1478,105,335,student,103,2026-01-22 16:58:49.658150
1479,79,948,student,101,2025-12-31 16:58:49.658150
1480,95,160,student,104,2025-10-30 16:58:49.658150
1481,123,315,student,103,2025-12-11 16:58:49.658150
1482,173,89,student,103,2026-01-18 16:58:49.658150
1483,57,226,student,102,2025-12-13 16:58:49.658150
1484,78,850,student,101,2025-12-24 16:58:49.658150
1485,47,675,student,101,2025-12-17 16:58:49.658150
1486,150,581,student,104,2025-12-13 16:58:49.658150
1487,54,22,student,102,2026-01-20 16:58:49.658150
1488,96,443,student,104,2026-01-22 16:58:49.658150
1489,114,193,student,101,2026-01-25 16:58:49.658150
1490,113,134,student,101,2025-12-10 16:58:49.658150
1491,106,876,student,104,2026-01-14 16:58:49.658150
1492,145,57,student,103,2026-01-11 16:58:49.658150
1493,170,352,student,102,2025-11-04 16:58:49.658150
1494,162,236,student,103,2025-12-01 16:58:49.658150
1495,145,746,student,101,2026-01-22 16:58:49.658150
1496,147,248,student,103,2025-11-27 16:58:49.658150
1497,8,252,student,103,2025-11-23 16:58:49.658150
1498,40,71,student,104,2026-01-22 16:58:49.658150
1499,29,858,student,103,2026-01-02 16:58:49.658150
1500,87,78,student,101,2025-10-31 16:58:49.658150
