post_id,user_id,role,college_id,content_type,created_at
1,343,student,104,video,2025-11-10 16:58:49.615440
2,839,student,104,text,2025-10-31 16:58:49.615440
3,733,faculty,104,text,2025-12-01 16:58:49.615440
4,535,faculty,103,video,2026-01-20 16:58:49.615440
5,383,student,104,text,2026-01-25 16:58:49.615440
6,315,student,104,video,2026-01-17 16:58:49.615440
7,462,faculty,102,text,2025-11-05 16:58:49.615440
8,300,student,103,video,2026-01-09 16:58:49.615440
9,678,student,103,image,2026-01-11 16:58:49.615440
10,565,student,102,image,2025-11-25 16:58:49.615440
11,942,student,104,image,2025-11-08 16:58:49.615440
12,421,student,101,image,2025-12-08 16:58:49.615440
13,372,student,101,text,2025-12-26 16:58:49.615440
14,875,student,102,video,2025-12-22 16:58:49.615440
15,366,faculty,104,image,2026-01-23 16:58:49.615440
16,204,faculty,104,image,2026-01-26 16:58:49.615440
17,20,student,101,image,2025-12-25 16:58:49.615440
18,222,student,102,video,2025-12-20 16:58:49.615440
19,304,student,103,text,2025-11-27 16:58:49.615440
20,482,student,104,image,2025-11-21 16:58:49.615440
21,613,student,103,image,2025-11-16 16:58:49.615440
22,455,student,101,text,2025-11-26 16:58:49.615440
23,662,student,101,image,2025-12-05 16:58:49.615440
24,929,student,104,image,2025-11-27 16:58:49.615440
25,262,faculty,101,video,2025-11-01 16:58:49.615440
26,96,student,104,image,2025-12-21 16:58:49.615440
27,239,student,104,video,2026-01-05 16:58:49.615440
28,948,mentor,103,image,2025-11-12 16:58:49.615440
29,96,faculty,104,video,2025-12-20 16:58:49.615440
30,341,student,104,text,2025-12-11 16:58:49.615440
31,69,student,102,text,2025-11-03 16:58:49.615440
32,560,student,101,text,2025-11-23 16:58:49.615440
33,585,student,104,text,2025-12-22 16:58:49.615440
34,465,student,104,image,2026-01-06 16:58:49.615440
35,605,student,102,video,2025-11-12 16:58:49.615440
36,717,student,103,video,2025-11-22 16:58:49.615440
37,858,student,104,image,2025-12-27 16:58:49.615440
38,392,student,104,text,2025-12-05 16:58:49.615440
39,405,student,104,image,2026-01-14 16:58:49.615440
40,971,faculty,104,video,2026-01-27 16:58:49.615440
41,959,student,104,image,2026-01-15 16:58:49.615440
42,355,student,101,image,2025-11-13 16:58:49.615440
43,792,student,104,video,2025-12-17 16:58:49.615440
44,136,student,104,video,2026-01-06 16:58:49.615440
45,73,student,104,text,2025-12-30 16:58:49.615440
46,346,student,101,image,2025-12-16 16:58:49.615440
47,715,student,102,image,2025-12-08 16:58:49.615440
48,300,student,101,text,2025-11-20 16:58:49.615440
49,438,faculty,103,text,2025-11-15 16:58:49.615440
50,638,mentor,104,text,2025-12-18 16:58:49.615440
51,133,faculty,103,text,2025-11-17 16:58:49.615440
52,871,student,101,image,2025-12-24 16:58:49.615440
53,450,student,101,text,2025-11-09 16:58:49.615440
54,456,faculty,102,text,2026-01-03 16:58:49.615440
55,303,student,104,text,2025-11-25 16:58:49.615440
56,895,student,102,image,2025-12-14 16:58:49.615440
57,107,mentor,102,image,2025-12-30 16:58:49.615440
58,586,mentor,103,video,2026-01-01 16:58:49.615440
59,96,student,102,image,2025-11-30 16:58:49.615440
60,203,student,102,video,2026-01-09 16:58:49.615440
61,644,mentor,101,image,2025-12-20 16:58:49.615440
62,262,student,102,video,2026-01-08 16:58:49.615440
63,629,student,101,video,2026-01-02 16:58:49.615440
64,495,faculty,101,video,2026-01-07 16:58:49.615440
65,805,student,103,image,2025-12-24 16:58:49.615440
66,964,student,102,video,2025-10-31 16:58:49.615440
67,796,student,102,image,2025-12-27 16:58:49.615440
68,527,mentor,101,image,2026-01-16 16:58:49.615440
69,949,student,101,image,2026-01-27 16:58:49.615440
70,515,student,102,text,2025-11-19 16:58:49.615440
71,936,faculty,103,image,2026-01-23 16:58:49.615440
72,570,student,102,image,2025-11-14 16:58:49.615440
73,131,student,101,image,2026-01-26 16:58:49.615440
74,248,student,103,video,2025-12-15 16:58:49.615440
75,91,student,104,text,2025-12-10 16:58:49.615440
76,758,student,101,image,2025-11-09 16:58:49.615440
77,733,student,104,text,2025-12-31 16:58:49.615440
78,937,student,101,image,2025-11-05 16:58:49.615440
79,465,student,103,image,2025-11-28 16:58:49.615440
80,119,student,102,text,2026-01-10 16:58:49.615440
81,303,student,104,video,2026-01-05 16:58:49.615440
82,466,student,104,video,2026-01-18 16:58:49.615440
83,587,student,103,video,2026-01-13 16:58:49.615440
84,977,student,103,image,2025-12-01 16:58:49.615440
85,120,faculty,104,video,2025-12-23 16:58:49.615440
86,31,faculty,101,text,2025-12-28 16:58:49.615440
87,785,mentor,101,video,2025-11-17 16:58:49.615440
88,435,faculty,101,image,2026-01-12 16:58:49.615440
89,318,student,101,image,2025-11-03 16:58:49.615440
90,989,student,101,text,2025-11-03 16:58:49.615440
91,504,student,101,image,2026-01-21 16:58:49.615440
92,671,student,101,video,2026-01-18 16:58:49.615440
93,771,student,103,text,2025-11-23 16:58:49.615440
94,426,faculty,102,video,2025-12-09 16:58:49.615440
95,188,student,104,video,2026-01-17 16:58:49.615440
96,76,student,104,text,2025-12-23 16:58:49.615440
97,447,student,101,image,2025-12-19 16:58:49.615440
98,958,student,104,text,2026-01-17 16:58:49.615440
99,923,student,103,text,2025-12-19 16:58:49.615440
100,114,faculty,101,text,2025-12-29 16:58:49.615440
101,247,student,102,video,2025-11-28 16:58:49.615440
102,789,student,103,image,2025-11-01 16:58:49.615440
103,432,mentor,102,image,2025-11-29 16:58:49.615440
104,586,student,104,text,2025-12-16 16:58:49.615440
105,422,student,104,video,2026-01-17 16:58:49.615440
106,62,student,104,text,2025-11-27 16:58:49.615440
107,933,student,101,image,2025-11-27 16:58:49.615440
108,310,faculty,104,text,2025-11-01 16:58:49.615440
109,683,faculty,103,text,2025-12-30 16:58:49.615440
110,438,faculty,102,image,2025-12-05 16:58:49.615440
111,652,student,102,video,2026-01-19 16:58:49.615440
112,363,student,101,text,2026-01-12 16:58:49.615440
113,580,faculty,101,text,2025-12-15 16:58:49.615440
114,954,student,101,image,2025-11-09 16:58:49.615440
115,688,student,103,video,2025-12-12 16:58:49.615440
116,668,student,102,video,2025-11-23 16:58:49.615440
117,481,student,104,image,2026-01-26 16:58:49.615440
118,286,student,102,image,2026-01-11 16:58:49.615440
119,913,student,101,image,2025-11-27 16:58:49.615440
120,552,mentor,101,text,2025-12-06 16:58:49.615440
121,636,faculty,104,image,2025-12-17 16:58:49.615440
122,354,mentor,101,video,2026-01-20 16:58:49.615440
123,405,student,104,video,2026-01-16 16:58:49.615440
124,759,faculty,103,video,2025-12-03 16:58:49.615440
125,979,faculty,101,video,2025-12-24 16:58:49.615440
126,623,student,103,image,2025-12-09 16:58:49.615440
127,963,faculty,102,image,2025-12-02 16:58:49.615440
128,623,student,104,video,2025-11-12 16:58:49.615440
129,172,student,103,image,2026-01-23 16:58:49.615440
130,292,faculty,101,video,2026-01-19 16:58:49.615440
131,196,student,103,image,2025-12-30 16:58:49.615440
132,16,student,101,text,2025-12-24 16:58:49.615440
133,173,student,101,text,2026-01-18 16:58:49.615440
134,16,student,102,text,2026-01-06 16:58:49.615440
135,564,mentor,103,text,2025-11-17 16:58:49.615440
136,664,mentor,102,text,2026-01-12 16:58:49.615440
137,269,student,104,video,2025-11-02 16:58:49.615440
138,773,student,104,video,2026-01-12 16:58:49.615440
139,422,student,104,image,2025-12-14 16:58:49.615440
140,770,student,101,image,2026-01-10 16:58:49.615440
141,150,faculty,101,image,2026-01-05 16:58:49.615440
142,40,student,101,video,2025-11-05 16:58:49.615440
143,564,student,103,image,2025-11-28 16:58:49.615440
144,151,student,104,video,2026-01-20 16:58:49.615440
145,915,student,101,video,2026-01-23 16:58:49.615440
146,325,mentor,101,image,2026-01-15 16:58:49.616445
147,1000,mentor,101,image,2025-11-09 16:58:49.616445
148,789,student,104,text,2025-12-31 16:58:49.616445
149,730,student,103,text,2025-11-30 16:58:49.616445
150,488,student,101,video,2025-11-18 16:58:49.616445
151,599,student,101,image,2025-12-15 16:58:49.616445
152,46,student,101,image,2026-01-26 16:58:49.616445
153,690,student,103,text,2026-01-19 16:58:49.616445
154,918,student,104,text,2025-11-22 16:58:49.616445
155,735,student,103,text,2026-01-28 16:58:49.616445
156,284,faculty,103,text,2025-12-28 16:58:49.616445
157,367,faculty,103,image,2026-01-15 16:58:49.616445
158,610,mentor,103,video,2025-12-17 16:58:49.616445
159,103,student,102,image,2025-10-30 16:58:49.616445
160,892,student,102,image,2025-11-22 16:58:49.616445
161,731,student,102,text,2025-11-10 16:58:49.616445
162,663,student,103,text,2025-12-07 16:58:49.616445
163,867,faculty,104,text,2025-11-21 16:58:49.616445
164,805,mentor,103,video,2026-01-25 16:58:49.616445
165,675,student,103,image,2025-12-06 16:58:49.616445
166,22,faculty,103,image,2026-01-10 16:58:49.616445
167,37,student,103,video,2025-11-27 16:58:49.616445
168,287,student,101,image,2026-01-01 16:58:49.616445
169,669,student,103,text,2026-01-13 16:58:49.616445
170,113,student,104,image,2025-12-15 16:58:49.616445
171,676,mentor,104,video,2025-11-04 16:58:49.616445
172,228,student,103,image,2025-11-22 16:58:49.616445
173,776,faculty,101,video,2025-11-15 16:58:49.616445
174,454,student,102,video,2025-12-14 16:58:49.616445
175,804,faculty,103,image,2025-12-19 16:58:49.616445
176,213,faculty,102,text,2026-01-24 16:58:49.616445
177,569,student,101,text,2026-01-09 16:58:49.616445
178,589,student,103,video,2026-01-14 16:58:49.616445
179,270,student,104,text,2025-11-24 16:58:49.616445
180,777,student,104,text,2026-01-25 16:58:49.616445
181,250,student,102,text,2025-11-06 16:58:49.616445
182,741,student,103,image,2025-12-20 16:58:49.616445
183,431,student,102,video,2025-11-09 16:58:49.616445
184,89,student,102,image,2025-12-22 16:58:49.616445
185,491,mentor,103,text,2026-01-06 16:58:49.616445
186,817,faculty,101,video,2025-12-21 16:58:49.616445
187,634,student,102,image,2025-12-14 16:58:49.616445
188,795,student,101,image,2025-11-02 16:58:49.616445
189,283,student,104,video,2025-12-06 16:58:49.616445
190,825,student,102,text,2026-01-06 16:58:49.616445
191,827,student,104,video,2025-12-09 16:58:49.616445
192,599,faculty,104,text,2026-01-09 16:58:49.616445
193,198,student,103,video,2025-12-10 16:58:49.616445
194,385,faculty,101,video,2026-01-02 16:58:49.616445
195,81,student,101,video,2026-01-22 16:58:49.616445
196,741,faculty,101,image,2025-12-13 16:58:49.616445
197,805,faculty,103,image,2025-12-29 16:58:49.616445
198,348,student,101,text,2025-12-11 16:58:49.616445
199,950,student,103,image,2025-12-31 16:58:49.616445
200,260,student,101,text,2026-01-02 16:58:49.616445
201,579,student,103,text,2026-01-23 16:58:49.616445
202,19,student,104,text,2026-01-15 16:58:49.616445
203,472,student,103,text,2025-11-24 16:58:49.616445
204,461,mentor,104,text,2025-12-12 16:58:49.616445
205,86,faculty,101,image,2026-01-22 16:58:49.616445
206,396,student,102,video,2025-12-22 16:58:49.616445
207,320,faculty,103,text,2025-11-12 16:58:49.616445
208,189,student,104,image,2025-12-24 16:58:49.616445
209,935,faculty,104,text,2025-12-30 16:58:49.616445
210,867,student,104,text,2026-01-06 16:58:49.616445
211,921,student,101,image,2026-01-03 16:58:49.616445
212,620,student,104,image,2026-01-24 16:58:49.616445
213,922,faculty,104,video,2026-01-09 16:58:49.616445
214,80,student,102,image,2025-12-19 16:58:49.616445
215,278,student,102,image,2026-01-04 16:58:49.616445
216,871,student,104,text,2025-11-26 16:58:49.616445
217,256,student,104,video,2026-01-28 16:58:49.616445
218,281,student,104,image,2025-12-09 16:58:49.616445
219,80,student,102,video,2026-01-26 16:58:49.616445
220,931,student,101,text,2025-12-17 16:58:49.616445
221,855,student,101,text,2025-11-22 16:58:49.616445
222,437,student,103,image,2025-12-05 16:58:49.616445
223,839,student,102,video,2025-11-16 16:58:49.616445
224,544,student,102,text,2025-12-28 16:58:49.616445
225,551,student,102,text,2025-11-10 16:58:49.616445
226,748,faculty,101,video,2026-01-10 16:58:49.616445
227,268,mentor,103,image,2025-12-29 16:58:49.616445
228,930,student,104,text,2025-12-30 16:58:49.616445
229,958,student,103,image,2025-11-18 16:58:49.616445
230,699,student,104,text,2026-01-13 16:58:49.616445
231,90,student,103,text,2026-01-12 16:58:49.616445
232,406,student,103,text,2025-11-22 16:58:49.616445
233,503,student,103,image,2025-11-07 16:58:49.616445
234,480,mentor,103,text,2025-11-04 16:58:49.616445
235,401,student,103,image,2025-12-20 16:58:49.616445
236,716,student,102,image,2025-12-24 16:58:49.616445
237,176,student,103,text,2026-01-24 16:58:49.616445
238,899,faculty,102,text,2025-11-30 16:58:49.616445
239,180,student,102,video,2025-12-09 16:58:49.616445
240,551,faculty,103,image,2026-01-02 16:58:49.616445
241,947,student,102,text,2025-12-26 16:58:49.616445
242,241,student,102,video,2025-12-30 16:58:49.616445
243,645,student,104,video,2025-12-29 16:58:49.616445
244,242,student,102,video,2025-12-31 16:58:49.616445
245,656,student,102,image,2026-01-13 16:58:49.616445
246,397,student,103,video,2025-12-30 16:58:49.616445
247,209,faculty,102,text,2025-12-07 16:58:49.616445
248,669,student,101,text,2025-12-20 16:58:49.616445
249,873,student,102,text,2025-11-21 16:58:49.616445
250,168,student,102,image,2026-01-12 16:58:49.616445
251,402,student,101,text,2025-12-05 16:58:49.616445
252,770,faculty,102,video,2025-11-05 16:58:49.616445
253,551,student,101,video,2025-12-05 16:58:49.616445
254,559,student,103,image,2025-12-06 16:58:49.616445
255,483,student,103,image,2025-12-15 16:58:49.616445
256,603,student,101,text,2025-11-30 16:58:49.616445
257,814,student,104,video,2025-12-17 16:58:49.616445
258,827,student,101,image,2025-12-29 16:58:49.616445
259,798,student,102,text,2025-11-18 16:58:49.616445
260,204,mentor,102,video,2025-11-14 16:58:49.616445
261,719,student,104,text,2025-12-05 16:58:49.616445
262,189,student,102,video,2026-01-02 16:58:49.616445
263,87,student,102,image,2025-11-01 16:58:49.616445
264,681,student,103,text,2025-12-02 16:58:49.616445
265,876,mentor,103,image,2025-12-20 16:58:49.616445
266,217,student,102,image,2026-01-20 16:58:49.616445
267,845,student,103,video,2025-12-10 16:58:49.616445
268,51,student,102,video,2025-12-30 16:58:49.616445
269,712,student,101,image,2025-12-15 16:58:49.616445
270,901,student,101,video,2025-11-24 16:58:49.616445
271,750,faculty,101,video,2025-11-25 16:58:49.616445
272,625,student,101,text,2025-11-26 16:58:49.616445
273,149,student,104,video,2025-12-14 16:58:49.616445
274,493,faculty,104,video,2026-01-08 16:58:49.616445
275,341,student,104,text,2025-11-02 16:58:49.616445
276,63,student,104,video,2025-12-13 16:58:49.616445
277,520,faculty,104,image,2026-01-12 16:58:49.616445
278,699,faculty,104,video,2025-12-02 16:58:49.616445
279,424,student,104,image,2025-12-22 16:58:49.616445
280,516,student,102,image,2025-12-10 16:58:49.616445
281,48,student,104,image,2025-11-19 16:58:49.616445
282,994,student,103,video,2026-01-11 16:58:49.616445
283,706,student,102,image,2025-11-25 16:58:49.616445
284,295,mentor,102,text,2026-01-09 16:58:49.616445
285,117,student,101,video,2025-11-17 16:58:49.616445
286,301,student,104,video,2026-01-12 16:58:49.616445
287,838,student,101,video,2025-12-04 16:58:49.616445
288,122,student,103,video,2026-01-11 16:58:49.616445
289,242,faculty,102,image,2025-11-07 16:58:49.616445
290,495,student,101,video,2025-11-26 16:58:49.616445
291,213,mentor,101,image,2025-12-11 16:58:49.616445
292,981,student,104,video,2025-11-30 16:58:49.616445
293,165,student,101,image,2026-01-14 16:58:49.616445
294,231,faculty,101,text,2026-01-07 16:58:49.616445
295,335,student,101,text,2025-11-21 16:58:49.616445
296,977,faculty,104,video,2026-01-17 16:58:49.616445
297,286,faculty,104,image,2025-12-03 16:58:49.616445
298,14,student,101,video,2026-01-07 16:58:49.616445
299,277,mentor,103,video,2025-12-28 16:58:49.616445
300,567,student,103,text,2026-01-24 16:58:49.616445
301,503,student,101,image,2025-11-29 16:58:49.616445
302,685,student,104,image,2025-12-14 16:58:49.616445
303,493,student,103,video,2025-12-20 16:58:49.616445
304,94,student,101,text,2025-11-20 16:58:49.616445
305,881,mentor,103,text,2025-11-02 16:58:49.616445
306,906,student,103,text,2026-01-06 16:58:49.616445
307,199,student,102,image,2025-11-29 16:58:49.616445
308,924,student,102,image,2025-11-28 16:58:49.616445
309,186,student,103,text,2025-12-07 16:58:49.616445
310,47,student,104,image,2026-01-17 16:58:49.616445
311,93,student,101,video,2026-01-19 16:58:49.616445
312,43,student,101,image,2025-11-12 16:58:49.616445
313,680,student,104,image,2025-11-10 16:58:49.616445
314,173,student,104,text,2025-12-22 16:58:49.616445
315,684,student,103,text,2025-11-14 16:58:49.616445
316,779,faculty,104,text,2025-10-31 16:58:49.616445
317,359,faculty,104,image,2025-11-18 16:58:49.616445
318,484,mentor,102,text,2025-10-30 16:58:49.616445
319,640,student,104,image,2026-01-03 16:58:49.616445
320,428,student,102,image,2026-01-06 16:58:49.616445
321,980,student,102,image,2025-12-15 16:58:49.616445
322,474,student,104,video,2025-11-21 16:58:49.616445
323,171,student,101,video,2025-12-09 16:58:49.616445
324,752,student,104,text,2025-11-25 16:58:49.616445
325,868,student,101,image,2025-11-18 16:58:49.616445
326,354,student,101,text,2025-11-08 16:58:49.616445
327,245,student,101,video,2025-11-28 16:58:49.616445
328,670,student,102,text,2025-11-22 16:58:49.616445
329,677,faculty,104,video,2025-11-15 16:58:49.616445
330,592,faculty,101,video,2025-12-07 16:58:49.616445
331,413,mentor,104,image,2026-01-23 16:58:49.616445
332,964,mentor,104,image,2026-01-06 16:58:49.616445
333,949,mentor,101,text,2026-01-09 16:58:49.616445
334,868,student,104,text,2025-12-12 16:58:49.616445
335,416,faculty,103,video,2025-11-14 16:58:49.616445
336,516,student,101,text,2026-01-16 16:58:49.616445
337,409,mentor,103,image,2025-12-20 16:58:49.616445
338,678,student,101,text,2025-12-12 16:58:49.616445
339,129,student,102,text,2025-12-26 16:58:49.616445
340,456,student,102,text,2025-12-14 16:58:49.616445
341,867,student,102,video,2026-01-25 16:58:49.616445
342,954,student,104,video,2025-11-11 16:58:49.616445
343,980,student,101,image,2025-12-18 16:58:49.616445
344,628,mentor,102,video,2025-10-30 16:58:49.616445
345,764,faculty,104,text,2025-12-17 16:58:49.616445
346,491,student,102,video,2025-12-05 16:58:49.616445
347,678,student,103,video,2025-12-23 16:58:49.616445
348,314,student,102,image,2026-01-19 16:58:49.616445
349,96,student,103,video,2026-01-02 16:58:49.616445
350,154,student,101,video,2025-11-28 16:58:49.616445
351,92,student,103,image,2025-12-19 16:58:49.616445
352,592,student,101,text,2025-12-31 16:58:49.616445
353,926,student,104,text,2025-12-23 16:58:49.616445
354,714,student,103,video,2025-12-29 16:58:49.616445
355,123,student,103,video,2025-12-20 16:58:49.616445
356,177,faculty,103,video,2025-12-12 16:58:49.616445
357,35,student,104,text,2025-11-15 16:58:49.616445
358,313,student,102,text,2025-12-31 16:58:49.616445
359,371,student,104,video,2025-11-04 16:58:49.616445
360,333,student,103,text,2025-12-07 16:58:49.616445
361,484,student,102,image,2025-12-18 16:58:49.616445
362,329,student,102,image,2025-11-29 16:58:49.616445
363,612,student,103,text,2025-11-09 16:58:49.616445
364,43,student,102,text,2025-11-16 16:58:49.616445
365,280,student,101,video,2025-12-22 16:58:49.616445
366,240,student,103,image,2025-11-02 16:58:49.616445
367,709,faculty,103,text,2026-01-11 16:58:49.616445
368,899,student,103,video,2025-12-18 16:58:49.616445
369,862,faculty,102,text,2025-12-09 16:58:49.616445
370,486,student,101,image,2025-12-18 16:58:49.616445
371,899,faculty,104,text,2025-12-16 16:58:49.616445
372,482,mentor,103,text,2025-11-19 16:58:49.616445
373,951,student,103,text,2025-12-02 16:58:49.616445
374,845,student,101,text,2025-10-31 16:58:49.616445
375,485,student,103,video,2026-01-24 16:58:49.616445
376,381,student,101,image,2025-10-31 16:58:49.616445
377,297,student,101,text,2025-12-06 16:58:49.616445
378,854,student,102,video,2025-12-09 16:58:49.616445
379,523,student,104,text,2025-12-20 16:58:49.616445
380,752,student,103,image,2025-11-06 16:58:49.616445
381,107,faculty,102,text,2025-12-31 16:58:49.616445
382,812,faculty,102,image,2025-12-28 16:58:49.616445
383,724,student,103,video,2026-01-18 16:58:49.616445
384,461,student,103,image,2026-01-25 16:58:49.616445
385,782,faculty,104,video,2026-01-01 16:58:49.616445
386,236,student,103,text,2025-11-23 16:58:49.616445
387,359,student,102,image,2026-01-17 16:58:49.616445
388,828,student,103,video,2026-01-20 16:58:49.616445
389,158,student,101,video,2025-11-13 16:58:49.616445
390,245,student,104,text,2026-01-09 16:58:49.616445
391,944,student,104,video,2025-12-26 16:58:49.616445
392,86,student,103,text,2025-12-02 16:58:49.616445
393,30,student,104,image,2026-01-10 16:58:49.616445
394,724,student,104,image,2025-12-22 16:58:49.616445
395,397,student,101,text,2026-01-11 16:58:49.616445
396,583,student,104,image,2026-01-03 16:58:49.616445
397,26,student,102,text,2025-11-18 16:58:49.616445
398,2,faculty,102,video,2026-01-04 16:58:49.616445
399,37,student,104,image,2025-11-22 16:58:49.616445
400,164,student,102,video,2026-01-09 16:58:49.616445
401,199,student,101,text,2025-12-11 16:58:49.616445
402,453,faculty,102,image,2026-01-01 16:58:49.616445
403,995,faculty,103,text,2025-11-19 16:58:49.616445
404,466,faculty,104,image,2026-01-01 16:58:49.616445
405,529,faculty,103,text,2025-12-11 16:58:49.616445
406,792,student,104,image,2026-01-17 16:58:49.616445
407,68,faculty,104,text,2025-11-09 16:58:49.616445
408,326,student,103,video,2025-11-14 16:58:49.616445
409,669,student,104,image,2025-12-27 16:58:49.616445
410,951,faculty,101,text,2025-11-13 16:58:49.616445
411,703,student,104,image,2025-12-07 16:58:49.616445
412,504,student,103,text,2025-11-02 16:58:49.616445
413,545,student,104,image,2026-01-24 16:58:49.616445
414,728,student,104,text,2025-12-03 16:58:49.616445
415,28,student,101,video,2025-11-14 16:58:49.616445
416,390,mentor,104,image,2026-01-25 16:58:49.616445
417,523,student,102,image,2026-01-01 16:58:49.616445
418,748,student,102,text,2025-12-09 16:58:49.616445
419,804,student,101,image,2025-12-13 16:58:49.616445
420,47,student,103,text,2025-11-05 16:58:49.616445
421,553,student,103,video,2026-01-28 16:58:49.616445
422,129,mentor,101,text,2025-12-13 16:58:49.616445
423,304,student,103,video,2025-11-14 16:58:49.616445
424,894,student,101,video,2025-12-17 16:58:49.616445
425,462,student,104,text,2025-11-11 16:58:49.616445
426,392,student,103,video,2025-12-10 16:58:49.616445
427,815,mentor,101,video,2025-12-22 16:58:49.616445
428,659,faculty,103,text,2025-12-15 16:58:49.616445
429,155,mentor,102,video,2025-11-19 16:58:49.616445
430,646,student,103,video,2026-01-04 16:58:49.616445
431,7,student,104,image,2025-12-17 16:58:49.616445
432,694,faculty,102,video,2025-12-06 16:58:49.616445
433,223,faculty,102,video,2025-11-09 16:58:49.616445
434,797,mentor,101,text,2026-01-01 16:58:49.616445
435,111,student,101,video,2026-01-25 16:58:49.616445
436,943,faculty,104,text,2025-12-15 16:58:49.616445
437,331,faculty,103,video,2025-12-25 16:58:49.616445
438,593,student,102,video,2026-01-10 16:58:49.616445
439,649,student,102,image,2025-12-18 16:58:49.616445
440,647,faculty,103,text,2026-01-12 16:58:49.616445
441,531,student,102,text,2026-01-19 16:58:49.616445
442,432,faculty,101,text,2026-01-11 16:58:49.616445
443,344,faculty,103,text,2025-11-11 16:58:49.616445
444,942,student,104,video,2025-12-09 16:58:49.616445
445,679,student,101,video,2025-11-01 16:58:49.616445
446,176,student,103,image,2026-01-06 16:58:49.616445
447,216,mentor,102,text,2026-01-28 16:58:49.616445
448,838,student,101,image,2025-12-18 16:58:49.616445
449,797,faculty,103,text,2026-01-08 16:58:49.616445
450,765,mentor,102,text,2025-12-04 16:58:49.616445
451,418,faculty,101,image,2025-12-03 16:58:49.616445
452,150,student,101,text,2025-11-25 16:58:49.616445
453,522,student,103,image,2025-12-13 16:58:49.616445
454,526,student,102,text,2025-11-19 16:58:49.616445
455,31,mentor,101,text,2026-01-26 16:58:49.616445
456,974,student,101,text,2025-12-03 16:58:49.616445
457,228,student,104,video,2026-01-01 16:58:49.616445
458,540,student,104,video,2025-11-27 16:58:49.616445
459,289,student,104,video,2026-01-12 16:58:49.616445
460,619,faculty,101,video,2026-01-13 16:58:49.616445
461,309,student,103,video,2026-01-03 16:58:49.616445
462,314,faculty,104,text,2026-01-18 16:58:49.616445
463,726,student,104,image,2025-11-29 16:58:49.616445
464,973,mentor,103,text,2025-11-24 16:58:49.616445
465,337,faculty,102,text,2025-11-09 16:58:49.616445
466,679,student,104,video,2026-01-19 16:58:49.616445
467,456,faculty,103,text,2025-11-04 16:58:49.616445
468,939,student,102,video,2025-11-30 16:58:49.616445
469,770,student,102,video,2025-11-27 16:58:49.616445
470,598,student,102,video,2025-12-06 16:58:49.616445
471,258,student,101,image,2025-11-13 16:58:49.616445
472,675,faculty,102,image,2025-11-13 16:58:49.616445
473,104,student,104,image,2025-11-27 16:58:49.616445
474,605,student,104,image,2025-12-25 16:58:49.616445
475,438,mentor,104,image,2026-01-27 16:58:49.616445
476,79,student,102,video,2025-12-27 16:58:49.616445
477,407,mentor,104,image,2025-12-16 16:58:49.616445
478,454,student,103,text,2025-12-21 16:58:49.616445
479,531,student,101,text,2025-12-13 16:58:49.616445
480,846,student,104,video,2025-11-29 16:58:49.616445
481,186,student,103,text,2026-01-07 16:58:49.616445
482,364,student,104,image,2025-11-18 16:58:49.616445
483,935,student,104,text,2025-12-01 16:58:49.616445
484,970,student,102,video,2025-11-24 16:58:49.616445
485,78,student,102,image,2026-01-25 16:58:49.616445
486,490,student,103,video,2025-11-27 16:58:49.616445
487,428,student,101,video,2025-11-06 16:58:49.616445
488,55,faculty,104,image,2025-11-04 16:58:49.616445
489,979,faculty,102,video,2025-10-31 16:58:49.616445
490,116,student,102,video,2026-01-22 16:58:49.616445
491,728,student,101,video,2025-11-04 16:58:49.616445
492,713,faculty,102,text,2025-11-08 16:58:49.616445
493,194,faculty,103,text,2025-11-22 16:58:49.616445
494,692,faculty,104,text,2026-01-07 16:58:49.616445
495,813,student,104,video,2025-11-13 16:58:49.616445
496,13,student,101,video,2025-10-30 16:58:49.616445
497,501,faculty,101,text,2025-11-08 16:58:49.616445
498,838,student,102,text,2025-12-29 16:58:49.616445
499,724,student,103,image,2025-12-08 16:58:49.616445
500,501,student,103,video,2025-11-30 16:58:49.616445
501,760,student,104,video,2025-12-11 16:58:49.616445
502,869,student,102,text,2026-01-08 16:58:49.616445
503,635,student,101,text,2026-01-10 16:58:49.616445
504,33,student,101,video,2026-01-01 16:58:49.616445
505,684,student,102,video,2026-01-05 16:58:49.616445
506,882,student,102,image,2025-11-09 16:58:49.616445
507,525,student,104,text,2025-10-30 16:58:49.616445
508,711,student,104,text,2025-10-30 16:58:49.616445
509,36,faculty,102,text,2026-01-04 16:58:49.616445
510,175,student,104,image,2026-01-26 16:58:49.616445
511,567,student,103,image,2025-11-09 16:58:49.616445
512,301,mentor,101,video,2026-01-02 16:58:49.616445
513,543,student,102,text,2026-01-12 16:58:49.616445
514,626,faculty,104,video,2025-11-25 16:58:49.616445
515,55,student,101,image,2025-12-17 16:58:49.616445
516,250,faculty,101,image,2025-11-21 16:58:49.616445
517,539,student,104,text,2025-12-02 16:58:49.616445
518,567,faculty,104,video,2025-12-23 16:58:49.616445
519,834,student,101,video,2026-01-28 16:58:49.616445
520,25,student,101,video,2025-12-28 16:58:49.616445
521,274,student,104,text,2025-11-11 16:58:49.616445
522,752,faculty,102,text,2025-11-09 16:58:49.616445
523,246,mentor,103,image,2025-12-16 16:58:49.616445
524,505,student,102,image,2025-11-14 16:58:49.616445
525,188,student,103,video,2025-10-31 16:58:49.616445
526,259,student,104,image,2025-11-06 16:58:49.616445
527,671,student,103,video,2025-12-15 16:58:49.616445
528,861,student,102,video,2025-11-22 16:58:49.616445
529,212,student,102,video,2025-11-13 16:58:49.616445
530,49,student,102,image,2026-01-15 16:58:49.616445
531,601,faculty,104,text,2025-12-11 16:58:49.616445
532,725,student,104,text,2025-11-20 16:58:49.616445
533,857,student,104,text,2025-11-25 16:58:49.616445
534,249,mentor,104,image,2025-12-21 16:58:49.616445
535,882,student,101,image,2025-11-07 16:58:49.616445
536,782,student,101,image,2025-12-01 16:58:49.616445
537,813,student,102,text,2025-12-02 16:58:49.616445
538,987,student,102,image,2025-11-03 16:58:49.616445
539,457,student,103,image,2025-12-30 16:58:49.616445
540,173,student,103,video,2026-01-22 16:58:49.616445
541,373,student,104,video,2026-01-05 16:58:49.616445
542,745,mentor,103,video,2026-01-02 16:58:49.616445
543,172,student,101,image,2025-12-05 16:58:49.616445
544,129,student,103,text,2025-12-04 16:58:49.616445
545,349,student,101,text,2025-11-23 16:58:49.616445
546,468,faculty,103,video,2026-01-08 16:58:49.616445
547,31,student,103,video,2025-11-09 16:58:49.616445
548,646,student,102,video,2025-12-31 16:58:49.616445
549,915,student,103,image,2025-11-25 16:58:49.616445
550,568,faculty,103,image,2025-12-18 16:58:49.616445
551,379,student,102,video,2025-12-03 16:58:49.616445
552,378,student,102,video,2026-01-25 16:58:49.616445
553,186,mentor,101,image,2025-11-05 16:58:49.616445
554,700,faculty,104,video,2025-11-07 16:58:49.616445
555,423,mentor,101,video,2025-12-01 16:58:49.616445
556,148,student,102,image,2026-01-28 16:58:49.616445
557,982,mentor,101,text,2025-11-22 16:58:49.616445
558,397,student,101,video,2026-01-02 16:58:49.616445
559,959,faculty,104,video,2025-12-18 16:58:49.616445
560,45,student,103,text,2026-01-25 16:58:49.616445
561,923,student,101,image,2025-11-09 16:58:49.616445
562,178,student,104,video,2026-01-23 16:58:49.616445
563,325,student,101,image,2026-01-05 16:58:49.616445
564,480,student,103,image,2025-10-30 16:58:49.616445
565,899,student,104,video,2026-01-03 16:58:49.616445
566,973,student,101,video,2025-12-26 16:58:49.616445
567,479,student,103,video,2026-01-03 16:58:49.616445
568,526,student,104,text,2025-11-29 16:58:49.616445
569,538,student,102,video,2026-01-22 16:58:49.616445
570,711,student,101,image,2025-12-16 16:58:49.616445
571,913,student,102,image,2025-11-11 16:58:49.616445
572,183,student,101,text,2026-01-24 16:58:49.616445
573,804,student,103,image,2025-12-28 16:58:49.616445
574,602,student,103,text,2025-12-01 16:58:49.616445
575,834,faculty,104,image,2025-12-02 16:58:49.616445
576,893,faculty,101,video,2025-11-19 16:58:49.616445
577,569,student,101,text,2026-01-27 16:58:49.616445
578,750,student,101,image,2025-11-14 16:58:49.616445
579,299,faculty,103,video,2025-12-03 16:58:49.616445
580,185,student,103,video,2025-12-13 16:58:49.616445
581,815,student,102,text,2026-01-23 16:58:49.616445
582,944,faculty,101,text,2025-11-14 16:58:49.616445
583,854,student,101,video,2025-12-30 16:58:49.616445
584,5,student,102,video,2025-11-11 16:58:49.616445
585,145,student,102,image,2025-12-18 16:58:49.616445
586,717,student,101,image,2025-11-09 16:58:49.616445
587,830,student,101,image,2025-11-05 16:58:49.616445
588,290,student,104,text,2025-12-15 16:58:49.616445
589,571,student,103,text,2025-11-28 16:58:49.616445
590,188,mentor,101,video,2025-12-21 16:58:49.616445
591,564,student,102,image,2025-12-28 16:58:49.616445
592,995,faculty,104,image,2026-01-25 16:58:49.616445
593,489,student,104,video,2025-12-16 16:58:49.616445
594,542,student,104,text,2025-11-06 16:58:49.616445
595,879,mentor,101,text,2025-11-07 16:58:49.616445
596,77,student,104,video,2025-12-15 16:58:49.616445
597,955,student,103,text,2025-11-01 16:58:49.616445
598,176,student,103,image,2026-01-04 16:58:49.616445
599,182,student,104,image,2025-12-28 16:58:49.616445
600,913,student,104,text,2026-01-04 16:58:49.616445
601,990,student,101,text,2025-12-21 16:58:49.616445
602,59,student,103,image,2025-12-18 16:58:49.616445
603,244,student,104,video,2025-12-13 16:58:49.616445
604,902,student,101,text,2025-11-10 16:58:49.616445
605,756,mentor,101,video,2025-12-29 16:58:49.616445
606,650,mentor,102,text,2026-01-26 16:58:49.616445
607,145,faculty,101,text,2025-11-28 16:58:49.616445
608,693,student,103,text,2026-01-28 16:58:49.616445
609,142,student,101,image,2025-11-29 16:58:49.616445
610,857,faculty,103,text,2026-01-09 16:58:49.616445
611,342,student,101,video,2025-11-28 16:58:49.616445
612,840,student,101,image,2025-11-16 16:58:49.616445
613,746,faculty,103,text,2025-12-06 16:58:49.616445
614,591,student,102,video,2026-01-21 16:58:49.616445
615,841,student,101,image,2025-12-18 16:58:49.616445
616,608,student,103,text,2025-12-30 16:58:49.616445
617,405,student,101,text,2026-01-20 16:58:49.616445
618,16,faculty,101,image,2026-01-20 16:58:49.616445
619,108,student,103,image,2026-01-06 16:58:49.616445
620,181,student,101,text,2025-12-15 16:58:49.616445
621,39,student,103,text,2025-11-29 16:58:49.616445
622,371,faculty,102,video,2026-01-17 16:58:49.616445
623,234,student,103,video,2026-01-24 16:58:49.616445
624,993,faculty,102,video,2026-01-26 16:58:49.616445
625,867,faculty,101,video,2025-11-23 16:58:49.616445
626,48,student,103,text,2026-01-17 16:58:49.616445
627,652,student,103,image,2025-11-28 16:58:49.616445
628,634,student,104,video,2026-01-15 16:58:49.616445
629,95,student,104,video,2026-01-17 16:58:49.616445
630,759,student,102,video,2026-01-24 16:58:49.616445
631,288,student,101,text,2025-12-15 16:58:49.616445
632,162,student,104,video,2025-11-07 16:58:49.616445
633,110,student,103,image,2026-01-20 16:58:49.616445
634,748,student,101,image,2025-12-27 16:58:49.616445
635,132,faculty,103,text,2025-11-01 16:58:49.616445
636,376,student,104,image,2025-12-02 16:58:49.616445
637,340,student,104,image,2026-01-25 16:58:49.616445
638,193,student,101,video,2025-11-02 16:58:49.616445
639,170,mentor,101,video,2025-11-06 16:58:49.616445
640,94,student,101,text,2025-12-15 16:58:49.616445
641,927,student,103,video,2025-12-16 16:58:49.616445
642,206,student,102,text,2025-11-04 16:58:49.616445
643,456,mentor,101,image,2025-12-24 16:58:49.616445
644,905,student,102,image,2025-12-06 16:58:49.616445
645,811,faculty,104,image,2026-01-21 16:58:49.616445
646,356,student,104,video,2025-12-12 16:58:49.616445
647,742,student,104,video,2026-01-04 16:58:49.616445
648,423,student,101,image,2026-01-10 16:58:49.616445
649,826,student,104,text,2025-11-24 16:58:49.616445
650,434,mentor,101,text,2025-10-30 16:58:49.616445
651,411,student,103,video,2025-11-04 16:58:49.616445
652,388,student,102,video,2025-12-02 16:58:49.616445
653,898,student,103,image,2026-01-18 16:58:49.616445
654,513,student,101,video,2026-01-10 16:58:49.616445
655,483,student,103,text,2025-12-08 16:58:49.616445
656,763,student,101,text,2025-11-13 16:58:49.616445
657,864,student,101,video,2025-11-13 16:58:49.616445
658,447,student,101,video,2025-12-28 16:58:49.616445
659,353,student,102,text,2026-01-04 16:58:49.616445
660,929,faculty,103,text,2025-12-07 16:58:49.616445
661,120,student,101,text,2026-01-09 16:58:49.616445
662,794,student,103,video,2025-11-05 16:58:49.616445
663,281,faculty,101,text,2025-11-22 16:58:49.616445
664,617,student,102,image,2025-12-04 16:58:49.616445
665,494,student,101,text,2026-01-06 16:58:49.616445
666,423,student,101,image,2025-11-05 16:58:49.616445
667,688,student,102,image,2025-11-10 16:58:49.616445
668,28,faculty,104,video,2026-01-22 16:58:49.616445
669,162,mentor,104,text,2025-11-13 16:58:49.616445
670,985,student,103,video,2026-01-23 16:58:49.616445
671,74,faculty,104,text,2025-12-24 16:58:49.616445
672,993,student,101,image,2025-11-12 16:58:49.616445
673,220,student,103,video,2025-12-24 16:58:49.616445
674,298,student,101,video,2026-01-16 16:58:49.616445
675,675,student,104,text,2025-11-13 16:58:49.616445
676,903,student,103,video,2025-12-10 16:58:49.616445
677,502,student,101,image,2025-12-23 16:58:49.616445
678,716,faculty,103,image,2025-12-06 16:58:49.616445
679,561,student,104,image,2025-12-18 16:58:49.616445
680,36,student,101,image,2025-11-28 16:58:49.616445
681,580,student,104,image,2025-11-04 16:58:49.616445
682,214,student,103,video,2025-11-03 16:58:49.616445
683,105,student,102,image,2025-11-08 16:58:49.616445
684,548,student,104,text,2025-11-18 16:58:49.616445
685,961,student,103,image,2025-11-20 16:58:49.616445
686,265,faculty,101,video,2025-12-27 16:58:49.616445
687,708,student,102,video,2026-01-03 16:58:49.616445
688,906,mentor,104,text,2025-12-08 16:58:49.616445
689,409,faculty,104,text,2025-11-19 16:58:49.616445
690,354,student,103,text,2025-12-15 16:58:49.616445
691,165,faculty,102,image,2025-12-01 16:58:49.616445
692,863,faculty,104,text,2025-12-20 16:58:49.616445
693,57,student,102,image,2025-11-25 16:58:49.616445
694,767,student,104,video,2025-12-19 16:58:49.616445
695,522,student,101,image,2025-11-16 16:58:49.616445
696,337,student,104,image,2025-12-07 16:58:49.616445
697,164,student,102,video,2025-11-05 16:58:49.616445
698,363,student,102,image,2025-11-25 16:58:49.616445
699,890,mentor,102,video,2025-12-06 16:58:49.616445
700,950,student,103,image,2025-10-31 16:58:49.616445
701,48,faculty,103,text,2025-12-05 16:58:49.616445
702,788,faculty,103,image,2025-11-16 16:58:49.616445
703,386,student,101,image,2025-12-22 16:58:49.616445
704,693,faculty,102,text,2026-01-18 16:58:49.616445
705,975,student,102,video,2025-12-29 16:58:49.616445
706,659,student,104,text,2025-11-01 16:58:49.616445
707,186,mentor,104,video,2026-01-24 16:58:49.616445
708,798,student,104,image,2025-12-14 16:58:49.616445
709,266,student,103,text,2025-11-13 16:58:49.616445
710,927,student,104,text,2026-01-04 16:58:49.616445
711,683,student,103,video,2025-12-19 16:58:49.616445
712,539,student,101,text,2025-12-11 16:58:49.616445
713,533,student,103,image,2025-11-13 16:58:49.616445
714,951,faculty,101,text,2025-10-30 16:58:49.616445
715,108,faculty,104,video,2026-01-28 16:58:49.616445
716,123,student,104,text,2025-12-29 16:58:49.616445
717,415,student,101,image,2025-11-12 16:58:49.616445
718,264,student,102,text,2025-11-13 16:58:49.616445
719,676,student,103,image,2025-11-28 16:58:49.616445
720,46,faculty,103,text,2025-11-23 16:58:49.617449
721,816,student,103,text,2025-12-15 16:58:49.617449
722,840,faculty,101,image,2025-10-31 16:58:49.617449
723,46,student,101,video,2025-12-14 16:58:49.617449
724,369,student,102,text,2026-01-04 16:58:49.617449
725,332,student,103,image,2026-01-23 16:58:49.617449
726,691,student,104,text,2025-12-30 16:58:49.617449
727,979,student,102,text,2025-12-25 16:58:49.617449
728,537,student,103,text,2026-01-20 16:58:49.617449
729,426,student,101,video,2025-12-14 16:58:49.617449
730,601,student,104,image,2026-01-23 16:58:49.617449
731,301,student,102,image,2025-11-22 16:58:49.617449
732,427,student,102,text,2026-01-22 16:58:49.617449
733,635,student,104,image,2025-11-06 16:58:49.617449
734,261,mentor,102,image,2025-12-22 16:58:49.617449
735,579,mentor,103,video,2026-01-02 16:58:49.617449
736,928,faculty,104,text,2025-12-11 16:58:49.617449
737,574,student,101,image,2026-01-07 16:58:49.617449
738,45,faculty,102,video,2026-01-17 16:58:49.617449
739,937,faculty,103,image,2025-12-14 16:58:49.617449
740,326,faculty,102,video,2025-12-27 16:58:49.617449
741,315,student,104,video,2025-11-19 16:58:49.617449
742,444,faculty,101,text,2026-01-25 16:58:49.617449
743,253,student,103,image,2026-01-12 16:58:49.617449
744,928,faculty,103,video,2025-11-02 16:58:49.617449
745,170,student,102,text,2025-12-20 16:58:49.617449
746,986,mentor,104,video,2025-12-24 16:58:49.617449
747,340,student,102,video,2026-01-18 16:58:49.617449
748,132,faculty,104,video,2026-01-07 16:58:49.617449
749,646,mentor,103,image,2026-01-27 16:58:49.617449
750,358,student,104,text,2025-12-17 16:58:49.617449
751,458,student,101,image,2025-11-15 16:58:49.617449
752,488,student,102,image,2025-12-23 16:58:49.617449
753,281,faculty,104,video,2025-11-21 16:58:49.617449
754,559,student,103,text,2025-12-28 16:58:49.617449
755,579,faculty,104,image,2026-01-02 16:58:49.617449
756,781,student,104,image,2025-12-25 16:58:49.617449
757,741,faculty,104,image,2026-01-01 16:58:49.617449
758,446,student,103,image,2025-12-29 16:58:49.617449
759,314,mentor,101,image,2025-12-10 16:58:49.617449
760,705,student,102,video,2025-12-31 16:58:49.617449
761,152,student,104,image,2025-12-14 16:58:49.617449
762,573,student,102,text,2026-01-08 16:58:49.617449
763,978,student,101,image,2025-11-07 16:58:49.617449
764,115,faculty,102,video,2025-12-28 16:58:49.617449
765,332,student,101,image,2026-01-17 16:58:49.617449
766,853,student,101,text,2025-11-25 16:58:49.617449
767,766,student,103,image,2025-10-30 16:58:49.617449
768,905,student,104,text,2026-01-05 16:58:49.617449
769,548,student,103,video,2025-10-31 16:58:49.617449
770,655,student,104,text,2025-11-01 16:58:49.617449
771,870,student,101,video,2025-12-19 16:58:49.617449
772,1,student,102,text,2025-11-11 16:58:49.617449
773,381,faculty,104,text,2025-11-17 16:58:49.617449
774,50,student,102,video,2025-12-16 16:58:49.617449
775,244,student,104,image,2025-11-28 16:58:49.617449
776,474,student,104,image,2025-11-17 16:58:49.617449
777,424,faculty,101,text,2025-12-10 16:58:49.617449
778,448,student,104,text,2026-01-15 16:58:49.617449
779,136,student,103,text,2025-11-07 16:58:49.617449
780,121,student,104,text,2025-12-30 16:58:49.617449
781,267,student,103,video,2025-11-04 16:58:49.617449
782,832,student,104,video,2025-11-18 16:58:49.617449
783,56,faculty,103,image,2025-11-21 16:58:49.617449
784,831,student,103,video,2026-01-10 16:58:49.617449
785,963,mentor,104,text,2025-12-21 16:58:49.617449
786,416,student,104,image,2026-01-07 16:58:49.617449
787,418,mentor,103,text,2026-01-16 16:58:49.617449
788,11,student,104,video,2025-12-26 16:58:49.617449
789,657,faculty,103,video,2025-12-05 16:58:49.617449
790,216,student,101,video,2025-11-21 16:58:49.617449
791,604,faculty,102,text,2025-12-30 16:58:49.617449
792,658,student,103,image,2025-11-28 16:58:49.617449
793,469,faculty,104,image,2025-11-28 16:58:49.617449
794,290,faculty,103,text,2025-11-09 16:58:49.617449
795,948,student,101,text,2026-01-12 16:58:49.617449
796,576,student,104,image,2025-11-30 16:58:49.617449
797,183,student,104,text,2025-11-02 16:58:49.617449
798,261,student,102,video,2025-12-05 16:58:49.617449
799,929,faculty,104,text,2026-01-20 16:58:49.617449
800,383,student,101,video,2025-12-06 16:58:49.617449
