user_id,role,college_id,created_at
1,student,104,27:57.3
2,student,103,27:57.3
3,mentor,101,27:57.3
4,faculty,103,27:57.3
5,student,104,27:57.3
6,student,103,27:57.3
7,student,103,27:57.3
8,student,104,27:57.3
9,student,101,27:57.3
10,student,104,27:57.3
11,student,103,27:57.3
12,student,102,27:57.3
13,student,102,27:57.3
14,student,103,27:57.3
15,student,104,27:57.3
16,student,103,27:57.3
17,student,104,27:57.3
18,faculty,101,27:57.3
19,student,102,27:57.3
20,student,104,27:57.3
21,student,103,27:57.3
22,faculty,103,27:57.3
23,faculty,103,27:57.3
24,faculty,103,27:57.3
25,student,104,27:57.3
26,student,104,27:57.3
27,student,104,27:57.3
28,student,102,27:57.3
29,student,102,27:57.3
30,student,102,27:57.3
31,student,103,27:57.3
32,student,103,27:57.3
33,faculty,101,27:57.3
34,admin,101,27:57.3
35,student,103,27:57.3
36,student,102,27:57.3
37,student,102,27:57.3
38,student,101,27:57.3
39,student,103,27:57.3
40,student,104,27:57.3
41,student,104,27:57.3
42,student,102,27:57.3
43,faculty,104,27:57.3
44,student,101,27:57.3
45,student,102,27:57.3
46,admin,101,27:57.3
47,student,103,27:57.3
48,student,103,27:57.3
49,student,103,27:57.3
50,mentor,103,27:57.3
51,student,104,27:57.3
52,student,104,27:57.3
53,student,102,27:57.3
54,mentor,101,27:57.3
55,student,103,27:57.3
56,student,102,27:57.3
57,student,102,27:57.3
58,student,104,27:57.3
59,student,104,27:57.3
60,faculty,103,27:57.3
61,student,101,27:57.3
62,student,103,27:57.3
63,faculty,101,27:57.3
64,faculty,103,27:57.3
65,mentor,101,27:57.3
66,student,103,27:57.3
67,faculty,104,27:57.3
68,mentor,102,27:57.3
69,student,101,27:57.3
70,admin,101,27:57.3
71,student,104,27:57.3
72,student,102,27:57.3
73,student,104,27:57.3
74,mentor,103,27:57.3
75,student,102,27:57.3
76,student,101,27:57.3
77,student,103,27:57.3
78,mentor,103,27:57.3
79,mentor,104,27:57.3
80,student,101,27:57.3
81,student,101,27:57.3
82,student,104,27:57.3
83,student,102,27:57.3
84,faculty,104,27:57.3
85,student,104,27:57.3
86,student,104,27:57.3
87,student,103,27:57.3
88,student,101,27:57.3
89,student,104,27:57.3
90,student,104,27:57.3
91,student,103,27:57.3
92,faculty,101,27:57.3
93,mentor,104,27:57.3
94,student,101,27:57.3
95,faculty,104,27:57.3
96,faculty,103,27:57.3
97,faculty,104,27:57.3
98,student,103,27:57.3
99,student,102,27:57.3
100,mentor,101,27:57.3
101,student,103,27:57.3
102,student,101,27:57.3
103,mentor,101,27:57.3
104,student,102,27:57.3
105,mentor,104,27:57.3
106,mentor,104,27:57.3
107,student,104,27:57.3
108,student,103,27:57.3
109,student,101,27:57.3
110,student,101,27:57.3
111,student,103,27:57.3
112,admin,101,27:57.3
113,mentor,103,27:57.3
114,faculty,101,27:57.3
115,student,103,27:57.3
116,faculty,102,27:57.3
117,student,104,27:57.3
118,student,102,27:57.3
119,faculty,102,27:57.3
120,student,101,27:57.3
121,student,103,27:57.3
122,student,104,27:57.3
123,student,103,27:57.3
124,faculty,104,27:57.3
125,faculty,103,27:57.3
126,faculty,103,27:57.3
127,student,101,27:57.3
128,student,101,27:57.3
129,mentor,102,27:57.3
130,student,103,27:57.3
131,mentor,101,27:57.3
132,student,103,27:57.3
133,student,101,27:57.3
134,admin,104,27:57.3
135,student,104,27:57.3
136,student,103,27:57.3
137,student,101,27:57.3
138,student,103,27:57.3
139,admin,103,27:57.3
140,student,102,27:57.3
141,student,102,27:57.3
142,student,103,27:57.3
143,faculty,102,27:57.3
144,student,103,27:57.3
145,student,101,27:57.3
146,student,103,27:57.3
147,student,102,27:57.3
148,faculty,101,27:57.3
149,faculty,102,27:57.3
150,student,101,27:57.3
151,faculty,104,27:57.3
152,student,102,27:57.3
153,faculty,102,27:57.3
154,student,103,27:57.3
155,mentor,102,27:57.3
156,student,104,27:57.3
157,student,101,27:57.3
158,student,101,27:57.3
159,student,103,27:57.3
160,mentor,102,27:57.3
161,student,101,27:57.3
162,student,103,27:57.3
163,student,104,27:57.3
164,faculty,102,27:57.3
165,mentor,104,27:57.3
166,student,103,27:57.3
167,student,101,27:57.3
168,student,103,27:57.3
169,faculty,104,27:57.3
170,student,103,27:57.3
171,admin,104,27:57.3
172,student,103,27:57.3
173,faculty,104,27:57.3
174,student,101,27:57.3
175,student,102,27:57.3
176,student,103,27:57.3
177,student,104,27:57.3
178,faculty,103,27:57.3
179,student,103,27:57.3
180,student,102,27:57.3
181,faculty,103,27:57.3
182,student,103,27:57.3
183,student,103,27:57.3
184,mentor,104,27:57.3
185,student,101,27:57.3
186,faculty,104,27:57.3
187,faculty,103,27:57.3
188,faculty,104,27:57.3
189,student,101,27:57.3
190,admin,104,27:57.3
191,mentor,102,27:57.3
192,mentor,102,27:57.3
193,admin,104,27:57.3
194,student,103,27:57.3
195,faculty,102,27:57.3
196,student,103,27:57.3
197,student,103,27:57.3
198,mentor,103,27:57.3
199,student,103,27:57.3
200,student,102,27:57.3
201,student,101,27:57.3
202,student,102,27:57.3
203,student,104,27:57.3
204,faculty,103,27:57.3
205,student,101,27:57.3
206,student,101,27:57.3
207,student,102,27:57.3
208,student,102,27:57.3
209,student,104,27:57.3
210,faculty,103,27:57.3
211,student,104,27:57.3
212,student,102,27:57.3
213,student,104,27:57.3
214,student,102,27:57.3
215,student,101,27:57.3
216,student,104,27:57.3
217,student,103,27:57.3
218,student,103,27:57.3
219,student,101,27:57.3
220,faculty,103,27:57.3
221,mentor,101,27:57.3
222,student,104,27:57.3
223,faculty,101,27:57.3
224,student,101,27:57.3
225,student,104,27:57.3
226,mentor,103,27:57.3
227,faculty,104,27:57.3
228,student,101,27:57.3
229,student,102,27:57.3
230,student,102,27:57.3
231,mentor,101,27:57.3
232,student,104,27:57.3
233,student,104,27:57.3
234,student,103,27:57.3
235,student,102,27:57.3
236,student,103,27:57.3
237,student,103,27:57.3
238,mentor,102,27:57.3
239,student,103,27:57.3
240,student,101,27:57.3
241,student,103,27:57.3
242,faculty,102,27:57.3
243,student,102,27:57.3
244,student,102,27:57.3
245,student,104,27:57.3
246,student,102,27:57.3
247,admin,103,27:57.3
248,student,104,27:57.3
249,mentor,103,27:57.3
250,faculty,104,27:57.3
251,student,102,27:57.3
252,faculty,101,27:57.3
253,student,101,27:57.3
254,faculty,102,27:57.3
255,faculty,104,27:57.3
256,student,104,27:57.3
257,mentor,103,27:57.3
258,student,103,27:57.3
259,student,101,27:57.3
260,admin,104,27:57.3
261,mentor,104,27:57.3
262,student,102,27:57.3
263,mentor,102,27:57.3
264,student,101,27:57.3
265,mentor,104,27:57.3
266,mentor,102,27:57.3
267,faculty,102,27:57.3
268,faculty,102,27:57.3
269,student,102,27:57.3
270,student,104,27:57.3
271,student,103,27:57.3
272,mentor,104,27:57.3
273,faculty,102,27:57.3
274,student,102,27:57.3
275,student,101,27:57.3
276,student,101,27:57.3
277,student,101,27:57.3
278,student,102,27:57.3
279,student,102,27:57.3
280,faculty,103,27:57.3
281,mentor,104,27:57.3
282,faculty,104,27:57.3
283,student,101,27:57.3
284,student,104,27:57.3
285,student,103,27:57.3
286,faculty,102,27:57.3
287,student,104,27:57.3
288,admin,101,27:57.3
289,student,103,27:57.3
290,student,101,27:57.3
291,mentor,103,27:57.3
292,student,102,27:57.3
293,student,101,27:57.3
294,student,102,27:57.3
295,student,104,27:57.3
296,student,103,27:57.3
297,faculty,104,27:57.3
298,mentor,102,27:57.3
299,mentor,102,27:57.3
300,student,101,27:57.3
301,student,103,27:57.3
302,student,102,27:57.3
303,student,102,27:57.3
304,faculty,102,27:57.3
305,faculty,102,27:57.3
306,student,103,27:57.3
307,faculty,102,27:57.3
308,student,103,27:57.3
309,faculty,101,27:57.3
310,admin,104,27:57.3
311,student,101,27:57.3
312,faculty,104,27:57.3
313,faculty,102,27:57.3
314,student,104,27:57.3
315,student,104,27:57.3
316,student,104,27:57.3
317,student,102,27:57.3
318,admin,104,27:57.3
319,student,104,27:57.3
320,faculty,103,27:57.3
321,student,103,27:57.3
322,student,101,27:57.3
323,faculty,103,27:57.3
324,student,103,27:57.3
325,faculty,104,27:57.3
326,student,103,27:57.3
327,student,102,27:57.3
328,student,104,27:57.3
329,student,103,27:57.3
330,faculty,104,27:57.3
331,student,103,27:57.3
332,student,102,27:57.3
333,student,102,27:57.3
334,student,104,27:57.3
335,student,104,27:57.3
336,faculty,103,27:57.3
337,student,104,27:57.3
338,student,101,27:57.3
339,student,104,27:57.3
340,student,103,27:57.3
341,student,104,27:57.3
342,student,102,27:57.3
343,student,102,27:57.3
344,student,104,27:57.3
345,mentor,102,27:57.3
346,student,103,27:57.3
347,student,102,27:57.3
348,student,104,27:57.3
349,student,102,27:57.3
350,student,104,27:57.3
351,student,104,27:57.3
352,student,103,27:57.3
353,student,101,27:57.3
354,student,101,27:57.3
355,student,101,27:57.3
356,mentor,102,27:57.3
357,student,104,27:57.3
358,student,102,27:57.3
359,faculty,103,27:57.3
360,mentor,103,27:57.3
361,student,103,27:57.3
362,student,104,27:57.3
363,student,102,27:57.3
364,student,102,27:57.3
365,student,101,27:57.3
366,student,102,27:57.3
367,student,103,27:57.3
368,faculty,103,27:57.3
369,student,102,27:57.3
370,admin,102,27:57.3
371,admin,104,27:57.3
372,student,103,27:57.3
373,student,103,27:57.3
374,student,103,27:57.3
375,faculty,104,27:57.3
376,student,102,27:57.3
377,mentor,102,27:57.3
378,student,102,27:57.3
379,student,101,27:57.3
380,student,101,27:57.3
381,student,101,27:57.4
382,faculty,103,27:57.4
383,student,104,27:57.4
384,student,102,27:57.4
385,student,104,27:57.4
386,admin,103,27:57.4
387,faculty,103,27:57.4
388,mentor,103,27:57.4
389,student,101,27:57.4
390,student,103,27:57.4
391,student,103,27:57.4
392,student,101,27:57.4
393,student,102,27:57.4
394,faculty,101,27:57.4
395,student,101,27:57.4
396,student,102,27:57.4
397,faculty,103,27:57.4
398,faculty,102,27:57.4
399,faculty,102,27:57.4
400,student,103,27:57.4
401,student,104,27:57.4
402,student,102,27:57.4
403,student,101,27:57.4
404,faculty,102,27:57.4
405,admin,102,27:57.4
406,student,102,27:57.4
407,student,101,27:57.4
408,student,102,27:57.4
409,student,103,27:57.4
410,student,103,27:57.4
411,mentor,103,27:57.4
412,mentor,101,27:57.4
413,student,101,27:57.4
414,student,102,27:57.4
415,student,102,27:57.4
416,student,103,27:57.4
417,student,104,27:57.4
418,student,104,27:57.4
419,student,104,27:57.4
420,student,103,27:57.4
421,student,101,27:57.4
422,faculty,103,27:57.4
423,student,103,27:57.4
424,student,104,27:57.4
425,student,104,27:57.4
426,student,101,27:57.4
427,student,103,27:57.4
428,student,102,27:57.4
429,admin,102,27:57.4
430,admin,102,27:57.4
431,student,104,27:57.4
432,student,104,27:57.4
433,student,101,27:57.4
434,student,101,27:57.4
435,mentor,103,27:57.4
436,student,104,27:57.4
437,student,101,27:57.4
438,admin,101,27:57.4
439,student,102,27:57.4
440,student,102,27:57.4
441,student,104,27:57.4
442,student,104,27:57.4
443,student,104,27:57.4
444,student,103,27:57.4
445,student,102,27:57.4
446,faculty,103,27:57.4
447,faculty,101,27:57.4
448,student,104,27:57.4
449,student,102,27:57.4
450,student,103,27:57.4
451,student,101,27:57.4
452,student,103,27:57.4
453,faculty,102,27:57.4
454,student,104,27:57.4
455,student,104,27:57.4
456,student,103,27:57.4
457,faculty,101,27:57.4
458,admin,104,27:57.4
459,student,104,27:57.4
460,student,103,27:57.4
461,student,102,27:57.4
462,faculty,104,27:57.4
463,student,102,27:57.4
464,student,103,27:57.4
465,mentor,103,27:57.4
466,faculty,103,27:57.4
467,student,103,27:57.4
468,student,104,27:57.4
469,student,103,27:57.4
470,student,101,27:57.4
471,student,103,27:57.4
472,faculty,102,27:57.4
473,mentor,102,27:57.4
474,student,103,27:57.4
475,student,101,27:57.4
476,student,104,27:57.4
477,student,103,27:57.4
478,student,102,27:57.4
479,student,101,27:57.4
480,faculty,104,27:57.4
481,student,102,27:57.4
482,student,101,27:57.4
483,student,104,27:57.4
484,faculty,102,27:57.4
485,student,103,27:57.4
486,student,104,27:57.4
487,faculty,103,27:57.4
488,student,102,27:57.4
489,faculty,102,27:57.4
490,student,103,27:57.4
491,student,102,27:57.4
492,student,104,27:57.4
493,student,103,27:57.4
494,student,101,27:57.4
495,student,102,27:57.4
496,student,103,27:57.4
497,faculty,101,27:57.4
498,mentor,102,27:57.4
499,student,103,27:57.4
500,student,104,27:57.4
501,mentor,104,27:57.4
502,student,103,27:57.4
503,faculty,102,27:57.4
504,mentor,102,27:57.4
505,student,101,27:57.4
506,faculty,104,27:57.4
507,faculty,103,27:57.4
508,student,103,27:57.4
509,student,103,27:57.4
510,faculty,102,27:57.4
511,student,104,27:57.4
512,student,103,27:57.4
513,mentor,103,27:57.4
514,student,103,27:57.4
515,student,102,27:57.4
516,student,102,27:57.4
517,student,103,27:57.4
518,student,104,27:57.4
519,student,101,27:57.4
520,student,103,27:57.4
521,student,103,27:57.4
522,mentor,104,27:57.4
523,student,101,27:57.4
524,student,103,27:57.4
525,faculty,102,27:57.4
526,mentor,102,27:57.4
527,student,102,27:57.4
528,mentor,104,27:57.4
529,student,103,27:57.4
530,student,104,27:57.4
531,admin,104,27:57.4
532,student,101,27:57.4
533,student,102,27:57.4
534,faculty,101,27:57.4
535,faculty,103,27:57.4
536,mentor,104,27:57.4
537,faculty,104,27:57.4
538,student,104,27:57.4
539,student,102,27:57.4
540,student,103,27:57.4
541,student,104,27:57.4
542,student,101,27:57.4
543,mentor,102,27:57.4
544,mentor,101,27:57.4
545,student,103,27:57.4
546,student,103,27:57.4
547,student,104,27:57.4
548,student,102,27:57.4
549,student,101,27:57.4
550,mentor,103,27:57.4
551,student,104,27:57.4
552,admin,101,27:57.4
553,student,103,27:57.4
554,mentor,101,27:57.4
555,student,101,27:57.4
556,student,103,27:57.4
557,student,102,27:57.4
558,student,103,27:57.4
559,student,104,27:57.4
560,mentor,101,27:57.4
561,student,104,27:57.4
562,mentor,103,27:57.4
563,student,104,27:57.4
564,faculty,103,27:57.4
565,student,102,27:57.4
566,faculty,102,27:57.4
567,faculty,103,27:57.4
568,student,101,27:57.4
569,mentor,102,27:57.4
570,mentor,101,27:57.4
571,student,102,27:57.4
572,student,102,27:57.4
573,student,104,27:57.4
574,student,104,27:57.4
575,student,104,27:57.4
576,student,103,27:57.4
577,student,101,27:57.4
578,student,103,27:57.4
579,student,103,27:57.4
580,student,104,27:57.4
581,mentor,102,27:57.4
582,student,104,27:57.4
583,faculty,104,27:57.4
584,student,101,27:57.4
585,student,103,27:57.4
586,faculty,101,27:57.4
587,student,103,27:57.4
588,mentor,103,27:57.4
589,faculty,103,27:57.4
590,student,104,27:57.4
591,student,104,27:57.4
592,student,102,27:57.4
593,student,101,27:57.4
594,faculty,104,27:57.4
595,student,101,27:57.4
596,student,102,27:57.4
597,student,102,27:57.4
598,faculty,101,27:57.4
599,student,103,27:57.4
600,student,103,27:57.4
601,student,102,27:57.4
602,faculty,104,27:57.4
603,student,104,27:57.4
604,mentor,101,27:57.4
605,student,104,27:57.4
606,admin,104,27:57.4
607,student,104,27:57.4
608,faculty,102,27:57.4
609,student,104,27:57.4
610,admin,102,27:57.4
611,student,103,27:57.4
612,student,103,27:57.4
613,faculty,103,27:57.4
614,student,102,27:57.4
615,mentor,103,27:57.4
616,student,103,27:57.4
617,mentor,101,27:57.4
618,student,102,27:57.4
619,mentor,103,27:57.4
620,student,101,27:57.4
621,student,103,27:57.4
622,faculty,101,27:57.4
623,faculty,103,27:57.4
624,student,102,27:57.4
625,student,102,27:57.4
626,student,104,27:57.4
627,student,101,27:57.4
628,faculty,101,27:57.4
629,student,102,27:57.4
630,student,101,27:57.4
631,student,103,27:57.4
632,mentor,102,27:57.4
633,student,104,27:57.4
634,student,104,27:57.4
635,student,101,27:57.4
636,student,103,27:57.4
637,mentor,104,27:57.4
638,admin,102,27:57.4
639,student,104,27:57.4
640,student,103,27:57.4
641,faculty,102,27:57.4
642,student,101,27:57.4
643,student,103,27:57.4
644,student,103,27:57.4
645,student,104,27:57.4
646,admin,104,27:57.4
647,student,102,27:57.4
648,faculty,103,27:57.4
649,mentor,104,27:57.4
650,student,104,27:57.4
651,student,102,27:57.4
652,faculty,103,27:57.4
653,admin,104,27:57.4
654,student,102,27:57.4
655,student,102,27:57.4
656,student,102,27:57.4
657,student,103,27:57.4
658,student,101,27:57.4
659,student,103,27:57.4
660,mentor,103,27:57.4
661,faculty,101,27:57.4
662,student,102,27:57.4
663,student,104,27:57.4
664,student,101,27:57.4
665,student,101,27:57.4
666,student,103,27:57.4
667,student,102,27:57.4
668,student,103,27:57.4
669,student,101,27:57.4
670,faculty,104,27:57.4
671,student,102,27:57.4
672,student,104,27:57.4
673,faculty,103,27:57.4
674,student,104,27:57.4
675,student,103,27:57.4
676,student,104,27:57.4
677,faculty,101,27:57.4
678,student,102,27:57.4
679,faculty,103,27:57.4
680,student,101,27:57.4
681,student,104,27:57.4
682,student,104,27:57.4
683,student,104,27:57.4
684,faculty,101,27:57.4
685,faculty,103,27:57.4
686,faculty,103,27:57.4
687,student,102,27:57.4
688,admin,104,27:57.4
689,faculty,104,27:57.4
690,student,103,27:57.4
691,faculty,101,27:57.4
692,student,102,27:57.4
693,student,101,27:57.4
694,student,104,27:57.4
695,student,101,27:57.4
696,student,104,27:57.4
697,mentor,101,27:57.4
698,admin,104,27:57.4
699,faculty,101,27:57.4
700,mentor,101,27:57.4
701,student,104,27:57.4
702,student,103,27:57.4
703,student,102,27:57.4
704,student,102,27:57.4
705,student,104,27:57.4
706,student,101,27:57.4
707,student,104,27:57.4
708,student,102,27:57.4
709,faculty,104,27:57.4
710,student,103,27:57.4
711,student,104,27:57.4
712,student,104,27:57.4
713,student,101,27:57.4
714,student,103,27:57.4
715,student,103,27:57.4
716,student,104,27:57.4
717,mentor,103,27:57.4
718,student,101,27:57.4
719,student,104,27:57.4
720,mentor,104,27:57.4
721,student,103,27:57.4
722,mentor,101,27:57.4
723,student,101,27:57.4
724,student,103,27:57.4
725,student,103,27:57.4
726,student,102,27:57.4
727,student,104,27:57.4
728,student,102,27:57.4
729,student,103,27:57.4
730,student,104,27:57.4
731,student,103,27:57.4
732,faculty,101,27:57.4
733,student,103,27:57.4
734,student,103,27:57.4
735,student,103,27:57.4
736,student,104,27:57.4
737,student,102,27:57.4
738,student,104,27:57.4
739,student,103,27:57.4
740,student,103,27:57.4
741,student,101,27:57.4
742,student,102,27:57.4
743,admin,104,27:57.4
744,student,101,27:57.4
745,faculty,102,27:57.4
746,student,102,27:57.4
747,student,102,27:57.4
748,student,101,27:57.4
749,student,101,27:57.4
750,faculty,103,27:57.4
751,student,102,27:57.4
752,student,103,27:57.4
753,student,102,27:57.4
754,mentor,103,27:57.4
755,faculty,102,27:57.4
756,faculty,102,27:57.4
757,student,102,27:57.4
758,student,102,27:57.4
759,faculty,104,27:57.4
760,student,101,27:57.4
761,student,101,27:57.4
762,student,104,27:57.4
763,mentor,102,27:57.4
764,faculty,103,27:57.4
765,mentor,104,27:57.4
766,student,101,27:57.4
767,student,103,27:57.4
768,student,104,27:57.4
769,student,103,27:57.4
770,student,103,27:57.4
771,student,101,27:57.4
772,faculty,102,27:57.4
773,student,102,27:57.4
774,student,101,27:57.4
775,student,104,27:57.4
776,faculty,101,27:57.4
777,student,102,27:57.4
778,student,104,27:57.4
779,mentor,101,27:57.4
780,student,101,27:57.4
781,student,104,27:57.4
782,faculty,101,27:57.4
783,student,102,27:57.4
784,admin,103,27:57.4
785,student,102,27:57.4
786,admin,101,27:57.4
787,student,101,27:57.4
788,student,103,27:57.4
789,student,101,27:57.4
790,student,101,27:57.4
791,student,103,27:57.4
792,mentor,102,27:57.4
793,student,102,27:57.4
794,mentor,104,27:57.4
795,faculty,101,27:57.4
796,student,103,27:57.4
797,student,102,27:57.4
798,student,103,27:57.4
799,student,104,27:57.4
800,faculty,101,27:57.4
801,faculty,102,27:57.4
802,student,104,27:57.4
803,student,104,27:57.4
804,mentor,103,27:57.4
805,student,104,27:57.4
806,student,101,27:57.4
807,student,103,27:57.4
808,mentor,101,27:57.4
809,student,102,27:57.4
810,faculty,101,27:57.4
811,student,103,27:57.4
812,student,104,27:57.4
813,student,101,27:57.4
814,student,101,27:57.4
815,mentor,102,27:57.4
816,faculty,104,27:57.4
817,student,101,27:57.4
818,student,102,27:57.4
819,student,104,27:57.4
820,student,104,27:57.4
821,student,104,27:57.4
822,student,101,27:57.4
823,student,102,27:57.4
824,mentor,103,27:57.4
825,student,104,27:57.4
826,student,102,27:57.4
827,student,104,27:57.4
828,student,101,27:57.4
829,faculty,103,27:57.4
830,mentor,104,27:57.4
831,faculty,101,27:57.4
832,student,103,27:57.4
833,student,101,27:57.4
834,mentor,104,27:57.4
835,student,102,27:57.4
836,student,101,27:57.4
837,faculty,103,27:57.4
838,student,102,27:57.4
839,faculty,103,27:57.4
840,student,104,27:57.4
841,student,102,27:57.4
842,mentor,104,27:57.4
843,student,103,27:57.4
844,student,103,27:57.4
845,student,104,27:57.4
846,admin,102,27:57.4
847,student,102,27:57.4
848,student,104,27:57.4
849,mentor,102,27:57.4
850,student,102,27:57.4
851,faculty,104,27:57.4
852,student,102,27:57.4
853,student,104,27:57.4
854,mentor,101,27:57.4
855,student,103,27:57.4
856,student,103,27:57.4
857,faculty,103,27:57.4
858,faculty,103,27:57.4
859,student,104,27:57.4
860,student,103,27:57.4
861,faculty,103,27:57.4
862,student,103,27:57.4
863,student,104,27:57.4
864,mentor,103,27:57.4
865,student,101,27:57.4
866,student,103,27:57.4
867,student,103,27:57.4
868,student,103,27:57.4
869,mentor,103,27:57.4
870,student,102,27:57.4
871,student,103,27:57.4
872,student,101,27:57.4
873,student,104,27:57.4
874,student,103,27:57.4
875,student,101,27:57.4
876,mentor,104,27:57.4
877,faculty,102,27:57.4
878,student,104,27:57.4
879,student,102,27:57.4
880,student,101,27:57.4
881,student,102,27:57.4
882,student,104,27:57.4
883,student,101,27:57.4
884,student,104,27:57.4
885,student,101,27:57.4
886,student,104,27:57.4
887,student,104,27:57.4
888,faculty,103,27:57.4
889,faculty,104,27:57.4
890,student,104,27:57.4
891,student,101,27:57.4
892,admin,104,27:57.4
893,student,104,27:57.4
894,mentor,104,27:57.4
895,student,101,27:57.4
896,faculty,101,27:57.4
897,admin,101,27:57.4
898,student,104,27:57.4
899,student,102,27:57.4
900,student,104,27:57.4
901,student,102,27:57.4
902,student,104,27:57.4
903,student,101,27:57.4
904,student,103,27:57.4
905,faculty,104,27:57.4
906,student,103,27:57.4
907,student,104,27:57.4
908,student,104,27:57.4
909,student,104,27:57.4
910,faculty,101,27:57.4
911,student,104,27:57.4
912,student,101,27:57.4
913,student,104,27:57.4
914,admin,101,27:57.4
915,mentor,103,27:57.4
916,mentor,103,27:57.4
917,student,103,27:57.4
918,student,101,27:57.4
919,mentor,103,27:57.4
920,student,102,27:57.4
921,student,103,27:57.4
922,faculty,103,27:57.4
923,student,103,27:57.4
924,mentor,103,27:57.4
925,student,103,27:57.4
926,student,102,27:57.4
927,student,102,27:57.4
928,faculty,101,27:57.4
929,student,103,27:57.4
930,student,103,27:57.4
931,admin,103,27:57.4
932,mentor,103,27:57.4
933,student,102,27:57.4
934,admin,103,27:57.4
935,faculty,104,27:57.4
936,student,104,27:57.4
937,student,104,27:57.4
938,student,101,27:57.4
939,faculty,101,27:57.4
940,student,101,27:57.4
941,faculty,101,27:57.4
942,student,102,27:57.4
943,student,104,27:57.4
944,student,102,27:57.4
945,student,104,27:57.4
946,mentor,101,27:57.4
947,faculty,103,27:57.4
948,mentor,102,27:57.4
949,faculty,104,27:57.4
950,student,104,27:57.4
951,faculty,101,27:57.4
952,faculty,104,27:57.4
953,student,104,27:57.4
954,mentor,101,27:57.4
955,faculty,101,27:57.4
956,faculty,104,27:57.4
957,student,104,27:57.4
958,admin,102,27:57.4
959,student,102,27:57.4
960,student,101,27:57.4
961,faculty,101,27:57.4
962,student,102,27:57.4
963,student,103,27:57.4
964,student,101,27:57.4
965,student,102,27:57.4
966,admin,102,27:57.4
967,student,103,27:57.4
968,student,101,27:57.4
969,student,104,27:57.4
970,student,103,27:57.4
971,student,104,27:57.4
972,faculty,103,27:57.4
973,admin,101,27:57.4
974,student,103,27:57.4
975,admin,102,27:57.4
976,student,101,27:57.4
977,faculty,102,27:57.4
978,student,103,27:57.4
979,student,104,27:57.4
980,mentor,104,27:57.4
981,student,101,27:57.4
982,faculty,102,27:57.4
983,student,101,27:57.4
984,mentor,104,27:57.4
985,student,101,27:57.4
986,admin,101,27:57.4
987,student,104,27:57.4
988,student,101,27:57.4
989,student,104,27:57.4
990,student,103,27:57.4
991,student,104,27:57.4
992,student,104,27:57.4
993,mentor,104,27:57.4
994,student,101,27:57.4
995,faculty,104,27:57.4
996,student,101,27:57.4
997,mentor,102,27:57.4
998,student,102,27:57.4
999,student,101,27:57.4
1000,student,101,27:57.4
